WN,WP,VDD,CL,VTO_SHIFT,sample_id,tpdhl,tpdlh,trise,tfall,iavg,avg_power_w,sim_ok
1.254541443911256e-06,5.009146335595475e-06,1.011134588585853,1.5095147375593452e-13,0.014513322247672572,0,8.429288e-10,4.220778e-10,8.58777e-10,1.714419e-09,-1.52401e-05,1.540979224350726e-05,True
6.799617086274087e-07,3.1233087619120268e-06,1.3429072629489704,9.628570453902475e-14,-0.04776452899685625,1,4.832369e-10,2.104435e-10,4.711032e-10,1.081865e-09,-1.300111e-05,1.745928504539849e-05,True
5.132929243374216e-07,3.2433673471435293e-06,1.4392470782474076,1.613102903345882e-13,0.00236636344940281,2,1.05465e-09,3.183121e-10,7.333208e-10,2.316811e-09,-2.317072e-05,3.334839106088877e-05,True
2.626708506178493e-06,3.6740209986773062e-06,1.0603244028484717,1.7927452396427078e-13,-0.023599264009845463,3,3.826768e-10,5.471713e-10,1.155051e-09,8.07805e-10,-1.883193e-05,1.996795493173422e-05,True
2.856164279704117e-06,6.837252343841997e-06,1.3748324762374362,1.5694434012324892e-14,0.029397621314748434,4,2.124134e-11,1.789561e-11,4.027831e-11,4.641163e-11,-2.257227e-06,3.103308985839999e-06,True
2.8787985927527e-06,5.925824371881814e-06,1.1730496993360844,1.7268696467443115e-13,-0.027367607843106635,5,2.723227e-10,2.645817e-10,5.723767e-10,5.891293e-10,-2.031676e-05,2.3832569209483386e-05,True
3.361840628650748e-06,5.9828449303638725e-06,1.7825929235846747,1.7958229572842853e-13,0.044553864525274545,6,1.321734e-10,1.485301e-10,3.35794e-10,2.988043e-10,-3.24325e-05,5.781394499415996e-05,True
2.086198584310697e-06,4.479608830550523e-06,0.9641977594547688,6.702152728755845e-14,0.031456369261262565,7,2.690669e-10,2.50616e-10,4.964777e-10,5.330315e-10,-6.462181e-06,6.230820441391178e-06,True
3.854708934956017e-06,6.889891783281423e-06,1.033494125514079,1.61512694302127e-13,0.024090685522203822,8,2.874831e-10,3.216752e-10,6.541763e-10,5.846483e-10,-1.669472e-05,1.7253895047102405e-05,True
2.9996025344561558e-06,5.600906353843039e-06,1.5992753137071742,4.2235682183401956e-14,-0.0031914226251128566,9,3.903692e-11,4.175793e-11,9.417257e-11,8.769218e-11,-7.067655e-06,1.130312616729908e-05,True
1.2084903838623002e-06,3.1438751410196995e-06,0.9533644490145927,1.9577566638525975e-14,0.023045130910249442,10,1.354233e-10,1.041205e-10,2.068928e-10,2.689824e-10,-1.866499e-06,1.7794537907212883e-06,True
2.0466495339655024e-06,7.202857088848843e-06,1.44697233229707,1.3008269193464125e-13,-0.02570599944620071,11,1.992066e-10,1.132391e-10,2.54132e-10,4.471327e-10,-1.90408e-05,2.755151078480205e-05,True
2.3045882020743967e-06,3.036356015956321e-06,1.0441941298537123,1.9073423351757202e-13,-0.03162935423114588,12,4.682077e-10,7.10725e-10,1.502316e-09,9.896882e-10,-1.927664e-05,2.0128554331303266e-05,True
1.2531076840890645e-06,3.536788341275515e-06,1.247941977543641,1.5301074178020048e-13,-0.012747666935823729,13,5.099099e-10,3.613381e-10,7.856486e-10,1.108707e-09,-1.911576e-05,2.385535933664963e-05,True
3.7324325479539065e-06,6.150598039619764e-06,1.3320755537843103,1.4696945279981047e-13,-0.022542107721053885,14,1.431059e-10,1.736628e-10,3.840142e-10,3.163648e-10,-1.973699e-05,2.6291161884285395e-05,True
1.0183614932512927e-06,5.284256908534657e-06,1.1742576499270825,1.0138116890793782e-13,0.03065696933641593,15,5.215213e-10,2.010402e-10,4.214282e-10,1.093203e-09,-1.191905e-05,1.3996035642363394e-05,True
3.896884251845074e-06,1.919669773471192e-06,1.5440686041073999,4.3417130016863144e-14,-0.035325603792946435,16,2.118571e-11,1.35523e-10,2.855675e-10,7.058325e-11,-6.902429e-06,1.0657823910980436e-05,True
1.1005029993544808e-06,7.628674760052456e-06,1.790174227298322,1.387679456642601e-13,-0.0009492992808454587,17,3.012988e-10,7.409371e-11,1.929981e-10,6.684546e-10,-2.518325e-05,4.508240510961047e-05,True
1.4705778663310538e-06,1.2012443122288233e-06,0.9273193618699116,1.5293729954143292e-13,-0.026088144220652018,18,7.777918e-10,1.904025e-09,3.889113e-09,1.588427e-09,-1.046133e-05,9.700993859910562e-06,True
5.892469085203385e-07,1.9145490812695916e-06,1.361176688836461,1.6022282229604469e-13,0.039258473859852996,19,1.075973e-09,6.579939e-10,1.430045e-09,2.323196e-09,-2.116573e-05,2.8810298278206544e-05,True
3.913743320784073e-06,3.3069304499264866e-06,0.9753430678521663,5.097365958633134e-14,0.007541812719429018,20,9.72386e-11,2.300779e-10,4.653414e-10,1.966334e-10,-4.973902e-06,4.851260835876026e-06,True
1.4931968417770094e-06,1.496578642082648e-06,1.5169897893759963,1.5169498092157702e-13,-0.0124346065657664,21,3.009414e-10,6.004805e-10,1.351105e-09,6.770839e-10,-2.260086e-05,3.428527385111638e-05,True
1.9658810894390168e-06,7.4404238298680435e-06,1.1753093626331539,1.3681766876974392e-14,-0.029533678591054362,22,3.155277e-11,1.694902e-11,3.852416e-11,6.803032e-11,-1.670466e-06,1.963314329760354e-06,True
2.906243052491605e-06,3.0728842081251865e-06,0.9659179415690745,3.4773605537550995e-14,0.036545649581466985,23,1.01687e-10,1.923045e-10,3.79825e-10,2.009401e-10,-3.358848e-06,3.244371546203403e-06,True
2.604633367224069e-06,3.960400510909957e-06,1.6609241858051411,3.7421686212842516e-14,-0.042181723294703405,24,3.534175e-11,4.642463e-11,1.066493e-10,8.136646e-11,-6.603218e-06,1.0967444480343853e-05,True
3.817471678540373e-06,2.2824069013093677e-06,1.4415821238296698,3.9110608569841495e-14,-0.0024897374292741706,25,2.382948e-11,1.226711e-10,2.503959e-10,7.525916e-11,-5.764339e-06,8.309768058094196e-06,True
2.5977877105233745e-06,7.119991113984482e-06,1.1037959591595476,1.3132273548157553e-14,-0.029996802632713836,26,2.586736e-11,1.911269e-11,4.166359e-11,5.542201e-11,-1.490824e-06,1.6455655070180735e-06,True
1.5139628841774901e-06,3.1934248244958904e-06,1.3814906863985361,5.515398562365668e-14,-0.0457264360349144,27,1.190815e-10,1.129049e-10,2.535617e-10,2.67514e-10,-7.732072e-06,1.0681785454562902e-05,True
2.9879335426908317e-06,6.051290286635354e-06,1.7535440102976985,5.738876287114035e-14,-0.04222744307666046,28,4.351229e-11,4.301114e-11,9.946426e-11,1.007589e-10,-1.070474e-05,1.8771232708794187e-05,True
3.4238468943222734e-06,7.799012661690098e-06,1.6995420018828593,1.0594752812281547e-13,0.049336604120294544,29,8.350686e-11,7.334236e-11,1.643633e-10,1.870929e-10,-1.837119e-05,3.122260902957037e-05,True
3.5724143350911152e-06,6.33490515064611e-06,1.3549941172800009,8.641583578545772e-14,-0.012975308145522682,30,8.695632e-11,9.807525e-11,2.164641e-10,1.920481e-10,-1.186751e-05,1.6080406236761585e-05,True
2.231399691680256e-06,4.059780819857013e-06,1.4769610346641924,1.0408763117805295e-13,-0.04120338027035149,31,1.377154e-10,1.513793e-10,3.428724e-10,3.119372e-10,-1.558115e-05,2.301275142525798e-05,True
2.849169880878391e-06,1.8170611661467551e-06,0.989495898709705,1.0105909527274427e-13,-0.04917358526835446,32,2.130724e-10,6.681264e-10,1.410161e-09,4.497268e-10,-9.756804e-06,9.654317542514445e-06,True
3.5438818748452573e-06,7.451224803937722e-06,1.6064044349960347,2.5667823131154077e-14,0.03333590994368424,33,2.135189e-11,2.038479e-11,4.58284e-11,4.781317e-11,-4.424914e-06,7.108201474076043e-06,True
9.655797065848574e-07,5.94840219601063e-06,1.14561886428966,1.8604337400977546e-13,-0.011070791027877093,34,9.537355e-10,3.089359e-10,6.606088e-10,2.034679e-09,-2.130957e-05,2.4412645381901014e-05,True
2.340039794078505e-06,5.215101192920619e-06,0.900710866927025,8.438753469512639e-14,0.02152578633649832,35,3.489727e-10,3.131704e-10,6.113144e-10,6.812204e-10,-7.600486e-06,6.845840334126717e-06,True
2.301535505323094e-06,7.086257162636012e-06,1.1112733851800103,9.16337148072898e-14,0.03753895763765995,36,2.402478e-10,1.560679e-10,3.211998e-10,4.94394e-10,-1.019236e-05,1.132649840017333e-05,True
1.524224478111441e-06,7.640525318774986e-06,1.1513878706559864,1.0522131596745936e-13,-0.027549904651547268,37,3.246576e-10,1.295909e-10,2.791777e-10,6.997153e-10,-1.216341e-05,1.4004802739815731e-05,True
1.2578958255531693e-06,5.748020406180867e-06,0.9443766084953802,7.490521753674091e-14,-0.02261106741020315,38,4.32057e-10,1.891283e-10,3.871831e-10,8.846394e-10,-7.077686e-06,6.6840011006752335e-06,True
3.368418294680009e-06,6.459901648345928e-06,0.9802136578817681,3.179447677033048e-14,0.02376410690800819,39,7.370308e-11,7.68778e-11,1.540688e-10,1.477056e-10,-3.117351e-06,3.0556700266113877e-06,True
8.131062960602576e-07,7.950262544952479e-06,1.564433549528632,5.076244132718925e-14,0.03649504035011614,40,2.003397e-10,2.91481e-11,8.6536e-11,4.225778e-10,-8.050672e-06,1.2594741373050771e-05,True
1.0085740650235956e-06,5.989592232776237e-06,1.6476239574497842,1.0651825517630033e-14,-0.042403380643064405,41,3.645377e-11,-2.781926e-13,2.458878e-11,6.031661e-11,-2.025486e-06,3.3372392590791334e-06,True
3.096209793138779e-06,6.472515985076642e-06,1.5197323698049663,1.6698729583621843e-13,0.037346836121642246,42,1.73326e-10,1.658228e-10,3.661689e-10,3.82693e-10,-2.555929e-05,3.884328036223238e-05,True
1.2202679832319947e-06,7.412640223570378e-06,1.0579217238522924,1.2107030919407992e-13,0.013082209389550792,43,6.2272e-10,2.050311e-10,4.227371e-10,1.283858e-09,-1.281617e-05,1.3558504659584036e-05,True
1.9422738849868956e-06,2.4270793480074514e-06,1.064055815292301,6.957909167097053e-14,-0.03750728895049951,44,1.918427e-10,3.070059e-10,6.540906e-10,4.087225e-10,-7.419624e-06,7.894894064482323e-06,True
2.9941087600855345e-06,6.788247773181929e-06,1.2464208271651924,7.310230783805974e-14,0.040213099153391316,45,1.155389e-10,1.019568e-10,2.156412e-10,2.444998e-10,-9.149745e-06,1.1404432731250584e-05,True
3.8009032741814905e-06,7.478630445779675e-06,1.1142796359674567,1.7151355995062918e-13,-0.007210767488463131,46,2.38802e-10,2.427291e-10,5.134059e-10,5.050798e-10,-1.914747e-05,2.13356359012978e-05,True
1.0249376945164653e-06,4.43162956526403e-06,1.4038711942363538,1.2228193010159284e-13,0.03793701303134621,47,4.438821e-10,2.053342e-10,4.46456e-10,9.651234e-10,-1.722048e-05,2.4175335822923247e-05,True
2.0017815875434104e-06,7.093487052098206e-06,0.9993260939700229,1.523674910431904e-14,0.00885992673547635,48,5.38338e-11,3.054304e-11,6.24077e-11,1.097769e-10,-1.526691e-06,1.5256621537291883e-06,True
1.217778635551832e-06,3.500709301118754e-06,1.6412025322670314,9.653479667924666e-14,-0.027825123585427256,49,2.020369e-10,1.406036e-10,3.216366e-10,4.622345e-10,-1.605923e-05,2.6356448942258677e-05,True
1.542132644110193e-06,3.125482232258245e-06,1.6252709653322173,8.026866145172853e-14,-0.034088656818885496,50,1.334964e-10,1.317547e-10,3.016024e-10,3.056579e-10,-1.327148e-05,2.1569751110987216e-05,True
6.529326733710108e-07,7.775619519851922e-06,1.13414836071818,1.245599864205723e-13,-0.02341997959152603,51,9.43593e-10,1.464897e-10,3.361212e-10,2.001055e-09,-1.413348e-05,1.6029463173243183e-05,True
1.167152391331181e-06,3.5911051555601263e-06,1.0343213526070252,1.5691646049196903e-13,0.010124621050279517,52,8.804697e-10,5.719535e-10,1.17497e-09,1.807551e-09,-1.605418e-05,1.6605181172596654e-05,True
3.7408103879407295e-06,3.879770168961465e-06,1.2958384534201959,6.873452132663379e-14,-0.0320555196206668,53,6.887271e-11,1.326579e-10,2.931611e-10,1.519755e-10,-9.031634e-06,1.1703538634417257e-05,True
2.941553511927339e-06,3.7151266641961436e-06,1.611339111952574,1.192013698211352e-13,-0.037691691601134635,54,1.04774e-10,1.65899e-10,3.798887e-10,2.399694e-10,-1.955093e-05,3.150317818404694e-05,True
3.578341276375875e-06,1.0555482306920964e-06,1.604563605133957,1.0920831335361839e-13,-0.027521717785446813,55,7.071599e-11,5.5657e-10,1.246616e-09,1.840115e-10,-1.738148e-05,2.788969021136377e-05,True
5.380935310223179e-07,4.325603246957477e-06,1.0457614727999003,1.8296095501035235e-13,-0.030983830660425482,56,1.921077e-09,4.201668e-10,1.010267e-09,4.060558e-09,-1.789765e-05,1.8716672823657135e-05,True
1.7688880441918576e-06,4.004090892942473e-06,1.7852783279745723,1.693785446686996e-13,0.013873560884616054,57,2.265836e-10,2.002187e-10,4.571796e-10,5.174715e-10,-3.054594e-05,5.45330046896116e-05,True
3.3300399364590867e-06,4.830473405673289e-06,1.7185202778171673,4.614502726108369e-14,-0.031314731519454,58,3.294224e-11,4.521624e-11,1.041435e-10,7.574797e-11,-8.455857e-06,1.453156172082224e-05,True
1.3913408672815936e-06,7.808950493526109e-06,1.3074941849598951,1.4961489866418662e-13,-0.0368263346143471,59,4.023944e-10,1.298855e-10,3.102389e-10,8.704213e-10,-1.968253e-05,2.5734793520298682e-05,True
2.939170465408577e-06,1.9511392536685824e-06,1.0993443033208314,1.6393069251582768e-13,0.04781858031909102,60,3.558171e-10,1.071973e-09,2.185343e-09,7.253763e-10,-1.612475e-05,1.7726652054972573e-05,True
3.3852954689430036e-06,6.332235158465642e-06,1.080948137440578,5.2682443696885906e-14,0.0352103786589059,61,9.948187e-11,1.063446e-10,2.17551e-10,2.034308e-10,-5.701725e-06,6.1632690189483796e-06,True
2.160067803619039e-06,4.199524913017992e-06,1.2872711827390404,3.4228592238987504e-14,0.004907902608706771,62,6.489955e-11,6.680633e-11,1.449158e-10,1.407996e-10,-4.462909e-06,5.744974146886708e-06,True
1.7580618384287054e-06,7.907042504383909e-06,1.4613675406216138,1.1498920995378234e-13,-0.041450691553066014,63,2.063128e-10,7.736236e-11,1.974561e-10,4.440707e-10,-1.706646e-05,2.4940370677317147e-05,True
3.491349785996253e-06,1.423976055305777e-06,0.9619723945943631,1.0008212570262866e-13,0.017005295203666906,64,2.289879e-10,1.122787e-09,2.246029e-09,4.580716e-10,-8.523569e-06,8.19943808142028e-06,True
6.770454433666857e-07,5.904238220405292e-06,1.149607277050892,1.9175187751188715e-13,-0.02914512050394246,65,1.340672e-09,2.876597e-10,6.581451e-10,2.8695e-09,-2.178927e-05,2.504910335362669e-05,True
3.3966584431543986e-06,1.9872507258306483e-06,1.2631497646852035,8.331586274856663e-14,-0.044194295184104,66,8.370813e-11,3.301985e-10,7.084275e-10,2.072385e-10,-1.059705e-05,1.3385661213857336e-05,True
5.181598786919486e-07,3.5490774820457956e-06,0.9125594378848356,5.3006702338884093e-14,0.025797829444890327,67,9.717919e-10,2.835626e-10,5.545371e-10,1.898887e-09,-4.835358e-06,4.412551578451942e-06,True
5.6460110835174e-07,6.43987625685385e-06,1.569768150936517,8.404236445213404e-14,0.03172954837584048,68,4.57493e-10,6.855872e-11,1.74786e-10,9.959018e-10,-1.327533e-05,2.0839190227172073e-05,True
5.420108227946657e-07,6.941186069902027e-06,1.110650205639016,4.8348767099524e-14,0.011307059316351661,69,5.100271e-10,6.815411e-11,1.634186e-10,1.045235e-09,-5.380422e-06,5.975766800724686e-06,True
2.0558032478312022e-06,6.949417103549837e-06,1.2869801856452006,7.364957738325506e-14,0.029525124422928914,70,1.549376e-10,9.173369e-11,1.964565e-10,3.320811e-10,-9.53029e-06,1.2265294393452599e-05,True
8.215886231334744e-07,1.2293177801578644e-06,1.6035094543388198,1.545033975540041e-13,0.04242200902934551,71,5.544296e-10,7.410688e-10,1.648811e-09,1.233548e-09,-2.370489e-05,3.8011015229061745e-05,True
2.503712981952045e-06,4.978207626399766e-06,1.7590302282792827,7.25079529162486e-14,-0.021975235572716613,72,6.694515e-11,6.734686e-11,1.550765e-10,1.541299e-10,-1.323147e-05,2.327455569457048e-05,True
2.419082181147737e-06,3.81215384749929e-06,1.2199255117207377,1.6581603125644155e-13,0.017721375249087457,73,3.21041e-10,4.074331e-10,8.67987e-10,6.83925e-10,-2.021983e-05,2.4666686459656324e-05,True
1.4610152796420913e-06,7.574805105676349e-06,1.284012241961731,6.688073176830491e-14,0.024917955521179924,74,1.968429e-10,7.597207e-11,1.631549e-10,4.226155e-10,-8.639093e-06,1.1092701171445895e-05,True
5.094035489949749e-07,4.471030184220091e-06,1.4270961143902872,9.125699789439886e-14,0.03487233627315074,75,6.525087e-10,1.364343e-10,3.198858e-10,1.403428e-09,-1.306207e-05,1.864082934289394e-05,True
7.869054326602455e-07,6.883195029532639e-06,1.2800400151809206,1.9631825622565625e-13,0.028384229961572943,76,1.097672e-09,2.370595e-10,5.327048e-10,2.329554e-09,-2.50763e-05,3.209866743268132e-05,True
2.2885815186071054e-06,1.462556000541277e-06,1.4911434242870054,4.257499580718885e-14,0.04741592868183139,77,5.303361e-11,2.071549e-10,4.320474e-10,1.382375e-10,-6.412202e-06,9.561512847499984e-06,True
2.3206819848558835e-06,4.384034764400983e-06,1.060991113985558,3.663348014582028e-14,0.026979890366483184,78,1.027591e-10,1.087985e-10,2.224458e-10,2.10225e-10,-3.891478e-06,4.128823578270291e-06,True
1.6662755049799029e-06,2.821136216763939e-06,1.456100497622539,1.0754353559214081e-13,-0.0022397761891570778,79,2.085503e-10,2.463323e-10,5.484029e-10,4.642168e-10,-1.575829e-05,2.2945653910680278e-05,True
1.038231320403299e-06,3.459628998602289e-06,1.2719069218368373,5.325483426389194e-14,0.027260563061785578,80,2.259255e-10,1.356189e-10,2.902263e-10,4.834881e-10,-6.797765e-06,8.646124356520188e-06,True
3.2884140020121358e-06,1.5293149117115457e-06,1.45031780004132,1.737442898269713e-13,-0.027186786441777903,81,1.545264e-10,7.174396e-10,1.589672e-09,3.697157e-10,-2.42789e-05,3.52121208354232e-05,True
1.956693368746959e-06,6.6343294864743e-06,1.277429662311056,1.938650910971746e-13,-0.03782767256223948,82,3.758297e-10,2.217192e-10,4.900208e-10,8.30681e-10,-2.487781e-05,3.177965242733861e-05,True
3.349718384032835e-06,6.764103075237999e-06,0.9195989543879798,1.4025517677307186e-13,0.02251939750614239,83,3.843456e-10,3.806749e-10,7.476163e-10,7.548512e-10,-1.28927e-05,1.1856113439237907e-05,True
3.80504603339481e-06,1.0244105320579487e-06,1.1093608110293098,1.9674114000504374e-13,-0.0322010288317967,84,2.484422e-10,1.92969e-09,4.115309e-09,5.539717e-10,-1.59875e-05,1.773590596633109e-05,True
1.7017638499323444e-06,2.239146207597674e-06,1.5951545574862311,1.3581541034422343e-13,-0.010434886591331072,85,2.184182e-10,3.319628e-10,7.520302e-10,4.947806e-10,-2.1804e-05,3.478074997142978e-05,True
1.382628019337579e-06,5.7596044631579095e-06,1.6148623248776022,3.462930623223905e-14,0.045871192407219416,86,7.341565e-11,3.533885e-11,7.838026e-11,1.633047e-10,-5.756073e-06,9.295265426945195e-06,True
1.139240920317793e-06,1.5578868416657367e-06,1.681421356252704,1.6915023871950603e-13,-0.03420494407318783,87,3.61179e-10,5.282209e-10,1.214873e-09,8.306805e-10,-2.819479e-05,4.7407322041060176e-05,True
3.8516158004159e-06,1.2696297478689394e-06,0.9028826704923979,8.550869915459862e-14,-0.003946522807182648,88,1.92589e-10,1.168389e-09,2.328013e-09,3.837816e-10,-6.756453e-06,6.100284327696373e-06,True
2.4869399882453178e-06,5.938498661216217e-06,1.4437756107683852,7.440322852591663e-14,-0.025987136383128426,89,9.409087e-11,7.887114e-11,1.769177e-10,2.112174e-10,-1.095122e-05,1.5811104344158956e-05,True
2.7855797622601904e-06,6.5971048679758835e-06,1.5775086500155686,1.1289410839277169e-13,0.028157211442219512,90,1.201691e-10,1.014992e-10,2.262449e-10,2.67966e-10,-1.804655e-05,2.8468588727938462e-05,True
1.4463856996446134e-06,1.7580611571955644e-06,0.9075623504016143,1.3593905631432903e-13,-0.022492028677074283,91,7.496912e-10,1.233442e-09,2.496957e-09,1.517515e-09,-1.059071e-05,9.611729660021882e-06,True
2.881244550639921e-06,4.309807866913343e-06,1.0436978065209164,1.4219718254104698e-13,0.03827821207074204,92,3.46283e-10,4.629981e-10,9.354229e-10,6.996362e-10,-1.48037e-05,1.545058921839369e-05,True
3.13344442061369e-06,7.506057930863519e-06,1.6741288557583807,9.392334341565567e-14,-0.003047526062648659,93,7.680008e-11,6.411825e-11,1.459184e-10,1.747403e-10,-1.618777e-05,2.710041286737984e-05,True
2.5182530906994146e-06,1.3341809407818846e-06,1.2042837997882825,6.920659168138101e-14,-0.014237188388414895,94,1.124298e-10,4.719709e-10,9.979684e-10,2.644713e-10,-8.321991e-06,1.0022038943283888e-05,True
2.0407822759337083e-06,2.7701708657174537e-06,1.0016498410493717,4.5033386954002077e-14,0.029187767754120894,95,1.662666e-10,2.449573e-10,4.919036e-10,3.338788e-10,-4.511397e-06,4.5188400879606125e-06,True
7.723171685846829e-07,2.2166330298405052e-06,1.5885415530452158,6.801345255763921e-14,0.04630982987054143,96,2.656259e-10,1.851055e-10,4.105771e-10,5.891876e-10,-1.086939e-05,1.726647767125414e-05,True
7.13622781675755e-07,2.2769324047021433e-06,1.412051143356285,5.78865995132664e-14,0.044007395140418765,97,3.021148e-10,1.894028e-10,4.111769e-10,6.558549e-10,-8.203666e-06,1.1583995955013081e-05,True
1.479120009593356e-06,3.0567544613371377e-06,1.662069360837389,3.121744777707087e-14,-0.02371236940980788,98,5.310094e-11,5.139968e-11,1.176398e-10,1.215814e-10,-5.414275e-06,8.998900588647855e-06,True
1.318828986680064e-06,3.903289397414531e-06,1.19381222090243,1.957573599187436e-13,0.04958679859454938,99,7.883821e-10,5.326041e-10,1.109587e-09,1.642018e-09,-2.318657e-05,2.7680410626809657e-05,True
3.567352767213639e-06,3.408802438385948e-06,1.5613034524512757,1.640933348783447e-13,-0.042117860713411906,100,1.24118e-10,2.600015e-10,5.931118e-10,2.834398e-10,-2.59822e-05,4.056609856227954e-05,True
2.713264510646638e-06,2.370257670412497e-06,0.9338724666140518,1.5222116350282646e-13,0.00944556256500799,101,4.699236e-10,1.075837e-09,2.144333e-09,9.366594e-10,-1.275004e-05,1.1906911304227824e-05,True
1.2006847662002454e-06,4.174404268086171e-06,1.3853659751188228,1.3315384202225998e-13,0.007278838004286782,102,3.982187e-10,2.291052e-10,5.035553e-10,8.752679e-10,-1.851749e-05,2.5653500590603048e-05,True
1.737961214995754e-06,7.421041881739982e-06,0.9187902520467327,1.9236881926978006e-13,-0.045109557155261486,103,7.908024e-10,3.703213e-10,7.652011e-10,1.633619e-09,-1.766824e-05,1.6233406682822166e-05,True
2.2234545474788425e-06,1.3470265702381897e-06,1.6504451190719533,1.3232971977140547e-14,-0.018168311649268964,104,5.604831e-12,6.044759e-11,1.148415e-10,3.760358e-11,-2.344029e-06,3.868691222013112e-06,True
6.408609692409948e-07,7.397051883405982e-06,1.4514227693548785,1.1103375843739175e-14,-0.04822040134211784,105,6.20835e-11,-1.309845e-13,2.466244e-11,1.179309e-10,-1.731754e-06,2.5135071865213883e-06,True
1.4654019377726263e-06,5.535685110784015e-06,1.5021462462522592,1.189622340672332e-13,-0.02018063779577899,106,2.413317e-10,1.27816e-10,2.879218e-10,5.437469e-10,-1.805938e-05,2.7127829876643126e-05,True
3.178210330942906e-06,7.57002765112151e-06,1.5136071432357592,5.942935434723725e-14,-0.03903253854239015,107,5.329735e-11,4.479071e-11,1.018049e-10,1.21127e-10,-9.371763e-06,1.4185167421512588e-05,True
1.7438459035743052e-06,6.363603542425674e-06,1.3682274559316328,1.5936942579070066e-13,-0.026316683883179533,108,3.145816e-10,1.724494e-10,3.836942e-10,7.000165e-10,-2.194599e-05,3.002710606560105e-05,True
3.3178643777083e-06,3.8594672941252705e-06,1.1127374271661645,1.2583802869043565e-13,-0.016676114851361598,109,1.962631e-10,3.374171e-10,7.17357e-10,4.172515e-10,-1.402569e-05,1.56069102048302e-05,True
3.961636891544898e-06,1.4030141581392188e-06,1.52691857129701,1.2968251520084587e-13,0.02325508523916578,110,9.187232e-11,5.849152e-10,1.277544e-09,2.262584e-10,-1.954188e-05,2.983885949005761e-05,True
1.7640055600541642e-06,7.650178690050562e-06,1.2797845252244429,1.6565005971168439e-13,0.030855663477374853,111,4.118829e-10,1.899807e-10,4.063244e-10,8.81033e-10,-2.124846e-05,2.7193450292850562e-05,True
5.058931879413082e-07,7.803929660366858e-06,1.6971250960676745,1.8466029823010957e-14,-0.03235130934817754,112,9.784408e-11,2.018215e-12,3.007301e-11,2.020828e-10,-3.332322e-06,5.655367294378425e-06,True
1.6134843052532256e-06,2.072474352966441e-06,1.5710297227001586,7.404186711248041e-14,0.022105493628717596,113,1.356376e-10,2.111817e-10,4.716946e-10,3.030137e-10,-1.173839e-05,1.8441359586646316e-05,True
3.4894273606922713e-06,7.359915730213793e-06,1.0512457138649267,9.171349115808024e-14,-0.04577788813085585,114,1.409821e-10,1.336721e-10,2.854872e-10,3.01074e-10,-9.68322e-06,1.0179443521411136e-05,True
9.64217956251673e-07,1.5009045602003753e-06,1.4402397913905816,1.7596218725157315e-13,-0.014947588772155122,115,5.873655e-10,7.546328e-10,1.685689e-09,1.311981e-09,-2.416888e-05,3.4808982689344e-05,True
6.634421693090717e-07,1.0471977466344342e-06,1.4309313857157515,3.162007443124544e-14,0.03373117038740574,116,1.697653e-10,2.150588e-10,4.702439e-10,3.710987e-10,-4.548328e-06,6.508345287729752e-06,True
3.377394456503914e-06,7.370396224515549e-06,1.5210061144491744,1.0441582283109871e-13,0.046155600961410095,117,1.008126e-10,9.239267e-11,2.033101e-10,2.218162e-10,-1.606838e-05,2.4440104229292823e-05,True
1.1354170537551757e-06,3.6153393073042063e-06,0.9342285462531914,1.8092300424436105e-13,-0.019889048402613144,118,1.197197e-09,7.463911e-10,1.53193e-09,2.438943e-09,-1.625076e-05,1.5181923890309513e-05,True
8.418032864401527e-07,3.071912906583888e-06,1.2535655242171053,1.926921033303487e-13,0.04203859659058355,119,1.074829e-09,5.859886e-10,1.246968e-09,2.275184e-09,-2.374595e-05,2.976710425978317e-05,True
7.196798774555729e-07,2.3964742115526987e-06,1.2501979892409745,2.531685025716661e-14,-0.04447548153498859,120,1.367535e-10,8.218624e-11,1.814716e-10,3.020538e-10,-3.204059e-06,4.0057081192094475e-06,True
7.84236698131552e-07,4.815915049197945e-06,1.7883314905654677,6.320912043341657e-14,-0.02148522785985864,121,1.915914e-10,4.91968e-11,1.366626e-10,4.19153e-10,-1.156875e-05,2.0688759931479254e-05,True
8.245699667862327e-07,2.550824509826169e-06,1.179087904250988,1.1229558790333951e-13,-0.010333551782794242,122,6.377915e-10,4.123293e-10,8.849377e-10,1.368761e-09,-1.322792e-05,1.5596880470399732e-05,True
2.2014970761551802e-06,4.965521112694311e-06,1.5005145118765424,9.438539773088396e-14,-0.02531242190999986,123,1.266339e-10,1.123122e-10,2.533531e-10,2.858285e-10,-1.438028e-05,2.1577818824848007e-05,True
3.8408376978647e-06,5.362084618197971e-06,0.9366364681011402,9.622598518982164e-14,0.018019839608130417,124,2.151751e-10,3.082585e-10,6.110824e-10,4.26614e-10,-9.012365e-06,8.441309722838332e-06,True
1.3280310424244992e-06,1.3555298326103635e-06,1.4465294459932694,1.411463479060777e-14,0.04086431882489554,125,3.78002e-11,7.3729e-11,1.609455e-10,8.249656e-11,-2.081618e-06,3.0111217323096176e-06,True
1.3503831500602728e-06,4.216049099134738e-06,1.7801493608928514,1.7691192749994388e-13,-0.029650979537559515,126,2.940323e-10,1.883943e-10,4.357023e-10,6.800946e-10,-3.18567e-05,5.6709684145155304e-05,True
3.1959144372546e-06,2.445206947769447e-06,1.6328226576723277,1.002557366927465e-13,-0.03419082375104703,127,6.994809e-11,2.18742e-10,4.78243e-10,1.830626e-10,-1.666129e-05,2.7204931818049373e-05,True
1.0896498068941718e-06,3.936463923851955e-06,1.046618595506958,7.729287903629737e-14,-0.0027585507742466167,128,4.346922e-10,2.406769e-10,4.99827e-10,9.027734e-10,-8.096327e-06,8.473766393505062e-06,True
3.6343085176224955e-06,4.7394073448818835e-06,1.0119675066647384,1.4020998271749306e-13,-0.047930860887892016,129,2.2208e-10,3.405702e-10,7.220304e-10,4.707679e-10,-1.42082e-05,1.4378236728193938e-05,True
3.900334932409155e-06,2.9870445529739983e-06,1.5481615156718664,9.356470010728065e-14,-0.04863128569285792,130,5.498199e-11,1.795916e-10,3.877044e-10,1.486035e-10,-1.479559e-05,2.2905963039659512e-05,True
6.89326927625235e-07,4.25057566351957e-06,1.618627196056296,1.4638130445919558e-13,0.029661532182223033,131,6.13629e-10,1.857949e-10,4.383306e-10,1.351347e-09,-2.380015e-05,3.852357006021925e-05,True
1.075821153647512e-06,6.225401504263244e-06,1.083496218532391,9.422534500948398e-14,0.008435614055801857,132,5.139797e-10,1.776736e-10,3.696469e-10,1.069519e-09,-1.021999e-05,1.107332051843885e-05,True
9.544997423607717e-07,4.897885737614939e-06,1.0560464833423182,1.6741208860470169e-13,-0.04957148321938511,133,9.223288e-10,3.588325e-10,7.702826e-10,1.976204e-09,-1.767012e-05,1.8660468086236764e-05,True
2.967484306782029e-06,2.3576494934858936e-06,0.9035250753705771,1.2338126126866595e-13,0.020168389864144487,134,3.966536e-10,9.98495e-10,1.953102e-09,7.758647e-10,-1.023643e-05,9.248871187275637e-06,True
2.3227892435426195e-06,5.979022623191053e-06,0.9290431121180519,1.112237271524585e-13,0.016608862260217613,135,4.178496e-10,3.246598e-10,6.426137e-10,8.270559e-10,-1.033213e-05,9.598994210008286e-06,True
1.2863199809981287e-06,4.427565306179004e-06,0.943578597150431,1.4569039467631413e-13,0.025728452066879154,136,9.826646e-10,5.704297e-10,1.12805e-09,1.941354e-09,-1.363086e-05,1.2861787756753925e-05,True
3.0100485046882585e-06,7.011541000335163e-06,0.9849182662664779,2.0582600959277717e-14,-0.007931237243205172,137,4.736805e-11,4.074665e-11,8.362805e-11,9.709884e-11,-2.03433e-06,2.0036487766138842e-06,True
3.873253588454578e-06,4.425138630392988e-06,1.7973646794995646,4.202723934886785e-14,0.01099454054292015,138,2.548279e-11,4.440637e-11,1.016108e-10,5.830133e-11,-8.074967e-06,1.451366047392456e-05,True
3.0863416591675105e-06,7.967549980458394e-06,1.3532523554554343,6.273803215730942e-14,-0.007821575257442613,139,7.397719e-11,5.732055e-11,1.263244e-10,1.629845e-10,-8.645795e-06,1.1699942448534818e-05,True
1.404000713333775e-06,4.04382285893634e-06,1.766646429086789,1.1021831473926958e-13,0.019229968621302884,140,1.902894e-10,1.321647e-10,3.008034e-10,4.331949e-10,-1.972822e-05,3.485278941523857e-05,True
3.7638709972015674e-06,2.6539472774802376e-06,0.9087054384917336,7.014564816588776e-14,-0.0037746110567440302,141,1.591532e-10,4.513575e-10,9.010269e-10,3.177691e-10,-6.362082e-06,5.781258513530366e-06,True
2.724093758734317e-06,5.334702924097104e-06,1.2584730324830173,1.2821373296317953e-13,-0.037626867839745504,142,1.834389e-10,1.873464e-10,4.129447e-10,4.043462e-10,-1.624064e-05,2.043840747026499e-05,True
1.458369892103839e-06,4.02692935808354e-06,1.3574749808886977,1.1428635635272638e-13,-0.04650394501478372,143,2.63263e-10,1.90713e-10,4.273751e-10,5.900842e-10,-1.562942e-05,2.121654661580143e-05,True
9.52416941585017e-07,4.351516530164857e-06,1.0950456841714669,1.1778050290662403e-13,0.01671669870252747,144,7.260886e-10,3.17819e-10,6.598606e-10,1.507362e-09,-1.290171e-05,1.4127961853931855e-05,True
7.352614105606102e-07,3.6793706092303263e-06,0.9000538327658293,1.499610586577912e-13,0.03017783870573569,145,2.051016e-09,7.312641e-10,1.588938e-09,3.975627e-09,-1.231186e-05,1.1081336781476304e-05,True
9.242175125695536e-07,4.166475514034516e-06,1.5384470457436288,1.861844447227243e-13,0.03558858139246722,146,6.314498e-10,2.801422e-10,6.203591e-10,1.398335e-09,-2.873214e-05,4.420287590089235e-05,True
3.4365302650098764e-06,2.4395545047577735e-06,1.7125526992302036,1.6194455976845065e-13,0.048657257549904034,147,1.153563e-10,3.631017e-10,7.925362e-10,2.813171e-10,-2.791656e-05,4.7808580181221934e-05,True
3.481174905632455e-06,7.398083565448081e-06,0.9055495667120774,1.6857192971293894e-13,-0.0428538806119226,148,3.604333e-10,3.392066e-10,6.967975e-10,7.404297e-10,-1.526798e-05,1.3825912673568662e-05,True
1.6846078382507097e-06,4.30035348308348e-06,1.057192367130483,1.6163630578049121e-13,-0.04114415402158702,149,5.152672e-10,4.037049e-10,8.608182e-10,1.0987e-09,-1.707829e-05,1.8055037831640858e-05,True
1.1126032486101319e-06,4.49224514054131e-06,1.1060952782590532,1.638790496161094e-13,-0.01234260790088057,150,7.805038e-10,3.864928e-10,8.187679e-10,1.652936e-09,-1.811729e-05,2.003944892384996e-05,True
3.7986694197498443e-06,3.706422171800583e-06,1.382270073139734,1.2010186697938468e-14,0.03683568019903248,151,1.261124e-11,2.491761e-11,5.428797e-11,3.016232e-11,-1.745068e-06,2.4121552719938094e-06,True
1.8175014768315337e-06,7.927261449506065e-06,1.1260314726812206,1.20322371267187e-13,0.025444592655896228,152,3.746101e-10,1.718073e-10,3.574081e-10,7.792607e-10,-1.356429e-05,1.5273817444575152e-05,True
1.1445712450236974e-06,6.1321394219194524e-06,1.2639572709399443,5.43643699118074e-14,-0.045893778752269625,153,1.905711e-10,5.74416e-11,1.493725e-10,3.997748e-10,-6.961049e-06,8.798468496919227e-06,True
1.8255967103587846e-06,7.071715680305574e-06,1.5904136822170964,2.4220111270608777e-14,-0.032150207798858105,154,3.541712e-11,1.873951e-11,4.301372e-11,8.077892e-11,-4.199689e-06,6.679242846656635e-06,True
2.2520077788021006e-06,4.707956555140546e-06,1.4690385165425996,1.1146815848700687e-13,-0.029343060101268845,155,1.503684e-10,1.43839e-10,3.241134e-10,3.387851e-10,-1.657375e-05,2.434747711354791e-05,True
3.324004487090905e-06,6.541781165643942e-06,1.5497209744214289,1.4997012998067539e-13,-0.028779717929897156,156,1.257534e-10,1.278202e-10,2.900933e-10,2.855689e-10,-2.361015e-05,3.65891446642361e-05,True
5.766993297565512e-07,3.4224398080464268e-06,1.0295381435036686,1.885492983027135e-14,0.03211122993363037,157,2.324466e-10,7.83961e-11,1.583622e-10,4.696405e-10,-1.942099e-06,1.9994649989603316e-06,True
2.7284780952928642e-06,1.8071792190864308e-06,1.634449075655352,1.0276919586669862e-13,0.015795529890791984,158,9.314808e-11,3.213188e-10,7.014179e-10,2.323643e-10,-1.694985e-05,2.7703666664996867e-05,True
3.3640066193073335e-06,7.428525643294914e-06,1.4972616092706792,1.0338662088479657e-13,0.012221425393521057,159,9.710463e-11,8.796997e-11,1.955726e-10,2.158236e-10,-1.571526e-05,2.352985547770713e-05,True
2.3316731357211767e-06,6.389268877703041e-06,1.1671122867487485,7.898126155499209e-14,0.02854777949859598,160,1.788292e-10,1.30548e-10,2.735782e-10,3.747505e-10,-9.239126e-06,1.0783097473419818e-05,True
2.2199191819278117e-06,2.400037341789421e-06,1.5280403748930218,7.137596115233516e-14,-0.04772951861823757,161,8.903099e-11,1.645542e-10,3.754525e-10,2.03061e-10,-1.111254e-05,1.69804097876137e-05,True
3.381793277113428e-06,7.984259922066594e-06,1.5216358743273095,1.8829525378699804e-13,-0.035358317739931686,162,1.581607e-10,1.339781e-10,3.041624e-10,3.590235e-10,-2.904872e-05,4.4201574455289204e-05,True
8.01567888077696e-07,5.249134344793608e-06,1.208131080926292,1.5549109159413408e-13,0.01497114640453949,163,9.204059e-10,2.806509e-10,5.984182e-10,1.959316e-09,-1.879092e-05,2.270189449119948e-05,True
1.659340425491709e-06,5.10638182664522e-06,1.762347604113189,1.3000849667305308e-13,0.015288540623469446,164,1.896305e-10,1.232665e-10,2.807697e-10,4.320756e-10,-2.323193e-05,4.0942736174425316e-05,True
1.5037945506116669e-06,4.792926171241708e-06,1.476459736243053,9.305813157316833e-14,-0.03355359499941011,165,1.850763e-10,1.161737e-10,2.622881e-10,4.180185e-10,-1.391811e-05,2.05495290196018e-05,True
1.7885583878583536e-06,4.068920485930856e-06,1.3024060866822724,1.782594018011402e-13,0.047254228633241996,166,4.379709e-10,3.850279e-10,8.201573e-10,9.329323e-10,-2.321675e-05,3.023763651298065e-05,True
2.6487516863164657e-06,4.030080044888435e-06,1.2301461328007992,1.7551579381696135e-13,0.02222426392154321,167,3.084713e-10,4.054611e-10,8.633849e-10,6.568487e-10,-2.158385e-05,2.655128960845253e-05,True
1.5569204880082506e-06,7.88611317809063e-06,1.2992532249822866,6.582790031990534e-14,-0.014156547660127028,168,1.634287e-10,6.455775e-11,1.415089e-10,3.583832e-10,-8.652435e-06,1.124170407769961e-05,True
2.7969110510177744e-06,3.694580476726054e-06,1.3901074855575204,8.578383296107975e-14,0.03472799804828154,169,1.155493e-10,1.749117e-10,3.800624e-10,2.510643e-10,-1.199942e-05,1.668048356434862e-05,True
6.657373090936715e-07,7.4950556441951895e-06,1.3528478711143985,5.139462859746731e-14,0.036400566736031495,170,3.173141e-10,4.465819e-11,1.181021e-10,6.635272e-10,-6.989654e-06,9.45593853372624e-06,True
1.546997945185581e-06,5.4585086360523855e-06,1.178405619508534,1.4908632473827014e-13,-0.0498694899886038,171,4.115257e-10,2.332774e-10,5.110847e-10,9.016247e-10,-1.763157e-05,2.077714116875808e-05,True
1.1404505705060746e-06,4.4831939115103375e-06,1.7755785629630632,1.523307848201018e-13,-0.011155193907342056,172,3.083612e-10,1.568948e-10,3.607617e-10,7.089774e-10,-2.736638e-05,4.859115767390111e-05,True
3.4236566706302464e-06,7.043168895394278e-06,1.7924699656988885,9.029705430050562e-14,-0.0003468320807713046,173,6.096119e-11,5.926161e-11,1.358843e-10,1.398147e-10,-1.681678e-05,3.0143573069765754e-05,True
3.614222365528819e-06,1.877004467460351e-06,1.3631814840960073,5.7635923409741e-14,-0.023029013908638582,174,4.566157e-11,2.240992e-10,4.754356e-10,1.234722e-10,-7.95053e-06,1.0838015284749829e-05,True
6.185219362585061e-07,2.630027224927037e-06,1.482594332795233,2.6435631148631533e-14,-0.009664049975937027,175,1.322294e-10,6.22549e-11,1.393974e-10,2.96089e-10,-3.993333e-06,5.920492874764185e-06,True
1.769572056263175e-06,2.4110323488314428e-06,1.3919440783371786,1.0077971355959992e-13,0.025531471163322828,176,2.101279e-10,3.08412e-10,6.730705e-10,4.585847e-10,-1.407757e-05,1.9595190198877116e-05,True
3.5024885543228696e-06,3.7345479740899466e-06,1.0763243017926194,1.7393126158118416e-14,0.009926637143716131,177,2.99084e-11,5.573763e-11,1.157404e-10,6.216811e-11,-1.884244e-06,2.0280576077069326e-06,True
2.699969886156588e-06,5.629786896079155e-06,1.4547987285458817,1.570178203895596e-13,0.010927564035306661,178,1.926955e-10,1.848155e-10,4.091832e-10,4.266054e-10,-2.299944e-05,3.345955606926729e-05,True
1.5691428287821234e-06,1.5755102395445356e-06,1.1864717203197839,3.436839770669464e-14,0.008126641287173067,179,1.060546e-10,2.111965e-10,4.493774e-10,2.256427e-10,-4.093006e-06,4.856235870099198e-06,True
1.9553926191773966e-06,5.080609672925959e-06,0.9588286608369463,1.6609829954003405e-14,0.022023951576092632,180,6.974814e-11,5.365708e-11,1.070284e-10,1.389534e-10,-1.592779e-06,1.5272021555792105e-06,True
3.730456089982744e-06,5.647929383175224e-06,1.7448655702394729,2.6964865147917195e-14,-0.043141938736726525,181,1.689529e-11,2.208871e-11,5.128256e-11,4.057488e-11,-5.393338e-06,9.410649784864219e-06,True
3.6320494992769766e-06,5.289543328088919e-06,0.9577280696016794,2.1849362144762e-14,-0.0210784703851778,182,4.257727e-11,5.836745e-11,1.19992e-10,8.724424e-11,-2.099528e-06,2.0107768985146747e-06,True
2.88458429482798e-06,6.218026895152471e-06,1.1568133815221509,1.5462240950272736e-13,0.03627559491149272,183,2.944773e-10,2.732275e-10,5.687377e-10,6.129956e-10,-1.790356e-05,2.071107778488472e-05,True
3.2337274278604204e-06,1.007880395786782e-06,1.037696907397729,1.7479229869698197e-13,0.036770485702052755,184,3.827619e-10,2.456073e-09,4.958547e-09,7.72781e-10,-1.214361e-05,1.2601386541644135e-05,True
1.8692010384066402e-06,1.1553418664299592e-06,1.3922984571721826,8.690327866687526e-14,0.01867355678727417,185,1.591829e-10,5.572845e-10,1.198085e-09,3.703048e-10,-1.198311e-05,1.6684065565124552e-05,True
3.82192756249725e-06,3.3693582089067474e-06,1.2894365217697525,3.2989493642489193e-14,0.047326898964911726,186,3.891791e-11,8.791358e-11,1.867199e-10,8.265723e-11,-4.293691e-06,5.53644198859409e-06,True
8.358929346942354e-07,7.267378014220577e-06,1.1072525018225834,9.574643089006211e-14,-0.008634083696558076,187,6.217622e-10,1.30776e-10,2.974708e-10,1.293062e-09,-1.062149e-05,1.176067137558355e-05,True
1.842823756159687e-06,4.917968190071537e-06,1.0164292317608945,7.77731555427737e-14,0.010458335488115075,188,2.881766e-10,2.159693e-10,4.411163e-10,5.885864e-10,-7.908949e-06,8.038886956106095e-06,True
9.21979318361765e-07,6.420765053173025e-06,1.2282995841172961,4.209432467128311e-14,0.04228467799147337,189,2.238728e-10,6.431746e-11,1.355865e-10,4.714905e-10,-5.191097e-06,6.376222286212544e-06,True
3.2799891971077985e-06,3.318353067630153e-06,1.3741093407427314,1.3185155734227214e-13,-0.0047798989505263775,190,1.431404e-10,2.829045e-10,6.24165e-10,3.157461e-10,-1.823052e-05,2.5050727818597178e-05,True
2.7955465408965687e-06,3.0044682397607756e-06,1.5006149200767527,1.4559172212471474e-13,0.006729536745258738,191,1.623096e-10,3.019845e-10,6.733317e-10,3.618469e-10,-2.199235e-05,3.300204853754997e-05,True
3.4319995137303484e-06,6.3215854201727835e-06,1.5581659759845587,1.6868133052797652e-13,0.021465444257471586,192,1.471931e-10,1.598252e-10,3.565611e-10,3.28383e-10,-2.65374e-05,4.134967377109263e-05,True
2.8507398407470604e-06,5.417553104630498e-06,1.0214977859900032,1.8678919400332658e-13,0.02888954619908307,193,4.697813e-10,4.943959e-10,9.98767e-10,9.490354e-10,-1.900487e-05,1.9413432628027832e-05,True
2.8585961323040166e-06,3.203102290555122e-06,1.066223951126927,1.8486422080341667e-13,-0.004831026008394988,194,3.782106e-10,6.750387e-10,1.41043e-09,7.902071e-10,-1.921969e-05,2.0492493811234687e-05,True
1.4826608943530514e-06,4.307314090277971e-06,1.6525181365917558,1.8641027436949616e-13,0.042752002347031734,195,3.521212e-10,2.424303e-10,5.420541e-10,7.872984e-10,-3.096651e-05,5.1172719401949975e-05,True
3.936220640202407e-06,6.135187858867468e-06,1.782644479052227,1.4071311886051782e-13,0.009746183024823815,196,8.435922e-11,1.082601e-10,2.474346e-10,1.928917e-10,-2.566625e-05,4.575379886047422e-05,True
2.8974023603388065e-06,4.535564351058183e-06,1.610789834725725,4.887787447705432e-14,0.019182774753503287,197,4.765564e-11,6.086253e-11,1.365989e-10,1.068426e-10,-8.116707e-06,1.3074309127047137e-05,True
3.3265460136088115e-06,3.141544580189438e-06,1.0381983555957797,1.000478124370927e-14,0.0011346149264301192,198,1.93118e-11,4.036807e-11,8.350843e-11,4.101434e-11,-1.047503e-06,1.087515892081646e-06,True
1.3145917704926527e-06,4.230235816013454e-06,0.9130932280132815,2.4063780245864463e-14,-0.007413514880175276,199,1.522839e-10,9.46539e-11,1.898974e-10,3.052712e-10,-2.197719e-06,2.006722335976121e-06,True
3.160305550566609e-06,1.1312365895480357e-06,0.9212268550104372,1.3546063448057645e-13,-0.01721336167908904,200,3.362729e-10,1.878815e-09,3.804549e-09,6.809676e-10,-9.255551e-06,8.526462139118707e-06,True
3.014121240468591e-06,5.97331044048852e-06,0.9611244715747107,4.456376245051538e-14,-0.007320078064208105,201,1.085926e-10,1.095914e-10,2.229576e-10,2.210288e-10,-4.287016e-06,4.1203559876323305e-06,True
2.196514392113288e-06,1.7693379456484525e-06,1.5959920433756067,1.595599398573921e-13,0.046057704067249725,202,2.172446e-10,5.393225e-10,1.197331e-09,4.822336e-10,-2.524327e-05,4.0288058068782155e-05,True
9.475598714368125e-07,2.7519444744693994e-06,1.0599466235262458,1.5611896431461568e-13,-0.00901370751037716,203,9.640833e-10,6.626198e-10,1.388765e-09,2.016633e-09,-1.614272e-05,1.7110421558529597e-05,True
5.661159595151947e-07,5.268648952311437e-06,1.4523605118728558,8.252130088821843e-14,0.03267303836838187,204,5.140811e-10,9.839605e-11,2.377612e-10,1.105804e-09,-1.203514e-05,1.7479362090861482e-05,True
3.623758503365435e-06,4.785979558543141e-06,1.43021437876582,1.1350003933366888e-13,-0.04229293863286676,205,9.728818e-11,1.472701e-10,3.321631e-10,2.194e-10,-1.648523e-05,2.357741298326166e-05,True
1.7844879559469151e-06,7.496572995408721e-06,1.4989963434608269,2.7088047880121427e-14,0.01745754427613612,206,4.83627e-11,2.322689e-11,5.172038e-11,1.072784e-10,-4.237507e-06,6.352007498389657e-06,True
2.6910216243201804e-06,7.173864175397445e-06,1.7074194768460418,9.905187338000794e-14,0.02526565959749169,207,9.509849e-11,7.14322e-11,1.612385e-10,2.150077e-10,-1.729435e-05,2.9528710029392346e-05,True
3.4302900716120106e-06,3.631004299985826e-06,1.0391481655377084,1.9639355156079047e-13,0.042893837471530596,208,4.122935e-10,7.789925e-10,1.566951e-09,8.293506e-10,-1.962358e-05,2.0391807158282464e-05,True
1.976257249720882e-06,6.954159634916581e-06,1.6207134263534364,7.1204766958331e-14,0.005429193339893765,209,9.850896e-11,5.600801e-11,1.264733e-10,2.223954e-10,-1.183489e-05,1.918096512241602e-05,True
7.330119350817008e-07,1.4594710805518196e-06,1.1018222856361777,2.2485749638175108e-14,-0.013190924225839125,210,1.635079e-10,1.642359e-10,3.4772e-10,3.461576e-10,-2.484635e-06,2.737626214671644e-06,True
2.2420898940680172e-06,7.456282526995569e-06,1.0793315139832342,1.7655283565390048e-14,-0.039517763202920116,211,4.094335e-11,2.466446e-11,5.288677e-11,8.720861e-11,-1.944891e-06,2.0991821475623667e-06,True
3.6249603972488734e-06,6.402800756103546e-06,0.9678048802667563,1.9319547500805023e-13,-0.019761583494764003,212,3.690263e-10,4.178453e-10,8.595772e-10,7.591488e-10,-1.867647e-05,1.8075178812155667e-05,True
9.960318801066498e-07,7.534363148339838e-06,1.0198945905925418,1.6229898052773483e-13,-0.045247922631936326,213,9.302629e-10,2.455429e-10,5.215609e-10,1.972399e-09,-1.65589e-05,1.6888332536162843e-05,True
1.0121285399530733e-06,7.608591740763637e-06,1.556118818412025,1.9360778025184998e-13,-0.023085645308655013,214,5.442355e-10,1.321848e-10,3.223695e-10,1.211347e-09,-3.032264e-05,4.71856307279332e-05,True
6.681881328561409e-07,5.637190740929928e-06,1.665782837236422,1.3902148196134397e-13,0.00627097172455212,215,5.54179e-10,1.190685e-10,2.925179e-10,1.233631e-09,-2.330697e-05,3.8824350613984175e-05,True
6.051214281438233e-07,2.955193168913059e-06,1.7388032798363229,1.977700414279012e-13,0.02606174310175055,216,8.303427e-10,3.254559e-10,7.614738e-10,1.859355e-09,-3.446037e-05,5.991980438037322e-05,True
2.2605069280894335e-06,1.863102464281157e-06,0.9500706637104811,3.0623175764708473e-14,-0.004891196022578988,217,1.031677e-10,2.502772e-10,5.067693e-10,2.089992e-10,-2.910763e-06,2.7654305353139114e-06,True
2.9259556997280586e-06,1.9725230105953617e-06,1.0843065828112175,1.7201470536066336e-13,-0.02788859053887307,218,3.111049e-10,9.228952e-10,1.963462e-09,6.618565e-10,-1.722678e-05,1.8679110954640626e-05,True
3.2520040567960554e-06,3.090639137208611e-06,1.5039767018814831,5.307164418238634e-14,-0.03474125590338994,219,4.736764e-11,9.956024e-11,2.25387e-10,1.071855e-10,-8.224394e-06,1.236929696309386e-05,True
1.7719704018568888e-06,3.577621642414908e-06,1.138023663762636,1.9394809961347223e-13,0.014647381242103796,220,5.876206e-10,5.820829e-10,1.221825e-09,1.233445e-09,-2.178765e-05,2.4794861277777996e-05,True
2.777578764864002e-06,6.076947123933766e-06,1.1507286041669191,1.8457833179042549e-13,-0.03702994522017096,221,3.057017e-10,2.794689e-10,6.05354e-10,6.621922e-10,-2.129836e-05,2.4508632073844544e-05,True
1.8133225855407883e-06,6.032937307786922e-06,1.4806218185258069,1.1455708673076098e-13,0.030483752405104397,222,2.101632e-10,1.263597e-10,2.784151e-10,4.630497e-10,-1.708724e-05,2.529974036238691e-05,True
9.996673748277608e-07,2.6983913325519637e-06,1.0190445871333653,8.916873566129163e-14,0.027436013504691534,223,6.401745e-10,4.743223e-10,9.584889e-10,1.29361e-09,-9.059151e-06,9.231678790573814e-06,True
2.367204344934141e-06,4.065546116910344e-06,1.492275895273412,1.2316627330773202e-13,-0.046059217545740064,224,1.498867e-10,1.744991e-10,3.96628e-10,3.406166e-10,-1.861414e-05,2.7777432433244634e-05,True
1.4851633915399654e-06,1.39727688105317e-06,1.5551656224713493,1.4366936694635728e-13,-0.02267979872720144,225,2.706381e-10,5.752631e-10,1.304067e-09,6.134631e-10,-2.203127e-05,3.4262273723384363e-05,True
1.0500464425350807e-06,4.288484346562183e-06,1.2932452112091264,1.8750713761722548e-13,0.013337903830281675,226,7.380084e-10,3.613213e-10,7.81534e-10,1.595885e-09,-2.426149e-05,3.137605575929811e-05,True
1.7133036570863014e-06,5.1944306204265636e-06,1.4325827984900985,1.6670971913359498e-13,0.024496672750694573,227,3.397823e-10,2.241493e-10,4.921169e-10,7.459963e-10,-2.397852e-05,3.43512152852508e-05,True
6.084720219286978e-07,2.569119132481309e-06,1.372406964457214,1.025566182637934e-13,-0.04780580776137828,228,5.545916e-10,2.627183e-10,5.901999e-10,1.24589e-09,-1.414055e-05,1.9406589301255458e-05,True
2.0809212842368943e-06,4.103892556811544e-06,0.9632411153655743,1.8719991671851785e-13,-0.025629338469855947,229,6.173894e-10,6.260968e-10,1.29165e-09,1.273668e-09,-1.772684e-05,1.707522113350708e-05,True
3.7844359051378773e-06,5.388615350264978e-06,1.3244477239619397,7.815283127653561e-14,0.039310793743119285,230,8.627337e-11,1.211606e-10,2.599795e-10,1.851954e-10,-1.041774e-05,1.3797752031827257e-05,True
1.3203811105090731e-06,2.1078036017487756e-06,1.7292681656273705,4.753055509982449e-14,0.038635274304080855,231,9.289139e-11,1.163464e-10,2.622858e-10,2.09451e-10,-8.359539e-06,1.4455884672020463e-05,True
1.2820993458874043e-06,4.614401904907895e-06,1.1436218862613154,2.377088340327604e-14,0.018991507206825173,232,9.972637e-11,5.541517e-11,1.162419e-10,2.090666e-10,-2.731969e-06,3.12433954098744e-06,True
1.765062400242471e-06,5.3992792712672186e-06,1.4682915622445747,6.654280872182157e-14,0.021766069379175718,233,1.253287e-10,8.200189e-11,1.809798e-10,2.767718e-10,-9.890814e-06,1.4522598739930512e-05,True
1.6781302591669492e-06,5.186997194321982e-06,1.0685604453707158,2.824441418871332e-14,0.004941535027064535,234,1.008681e-10,6.524856e-11,1.357376e-10,2.096232e-10,-3.028148e-06,3.235759175528442e-06,True
1.003293073284285e-06,4.116736624554407e-06,1.7094685953296334,1.0329255226161821e-13,0.03732500841478707,235,2.701217e-10,1.31712e-10,2.966013e-10,6.083917e-10,-1.782921e-05,3.0478474574537053e-05,True
9.001701149051519e-07,5.3715148433783145e-06,1.3011552987631134,1.7091223613370344e-13,-0.0032610243187845486,236,7.586344e-10,2.408465e-10,5.476015e-10,1.633742e-09,-2.228866e-05,2.9001008061329455e-05,True
1.7511311637276578e-06,4.457248625140532e-06,1.4883135985625475,2.4884355786613417e-14,-0.04093263218498783,237,4.164321e-11,3.278519e-11,7.42758e-11,9.420191e-11,-3.905028e-06,5.811906275167508e-06,True
2.0444639050350696e-06,1.916949750985828e-06,1.517451382143883,1.1660281242888234e-13,-0.04035078118932175,238,1.614326e-10,3.443056e-10,7.826228e-10,3.669583e-10,-1.784251e-05,2.7075141460416058e-05,True
1.3620361552195355e-06,2.202506254191264e-06,1.4472437525203277,1.3716259215594413e-13,-0.04488044719177725,239,3.052509e-10,3.775404e-10,8.539382e-10,6.904618e-10,-1.992119e-05,2.883081777027043e-05,True
1.913804301065925e-06,1.729344517063654e-06,1.3408241148832674,2.2679311924898475e-14,0.038740424571566665,240,4.831137e-11,1.068157e-10,2.299615e-10,1.03955e-10,-3.072837e-06,4.120133950705555e-06,True
1.5384817644731595e-06,1.670804733637141e-06,1.4951996059449866,1.5650423664710637e-13,0.0026691624638952027,241,3.167217e-10,5.832505e-10,1.301765e-09,7.069023e-10,-2.304241e-05,3.4453002352022816e-05,True
3.1885512688406435e-06,2.339054920559933e-06,1.4257784566553684,1.9304383861917938e-13,-0.03093118133108175,242,1.827161e-10,5.353151e-10,1.179041e-09,4.32523e-10,-2.732597e-05,3.89607793332109e-05,True
1.576329359802327e-06,5.578639354665246e-06,1.30689497873826,5.061461054689537e-14,-0.025406602924394624,243,1.200533e-10,6.790363e-11,1.49729e-10,2.648585e-10,-6.708665e-06,8.767520602537109e-06,True
3.916635916943075e-06,2.0820277378499606e-06,1.565769480733199,8.486054011205348e-14,-0.0003039857016752523,244,5.215556e-11,2.436689e-10,5.259908e-10,1.399513e-10,-1.34628e-05,2.107964136521491e-05,True
1.5254492732480326e-06,5.811576560246309e-06,0.9466295759464904,1.1095340541611095e-13,0.02840586801274074,245,6.321434e-10,3.31861e-10,6.550471e-10,1.247687e-09,-1.05019e-05,9.941409143632448e-06,True
1.1244842239786153e-06,7.718472880865016e-06,0.9893240619804122,6.498401891878931e-14,-0.025345720661560434,246,3.739711e-10,1.090231e-10,2.264716e-10,7.768383e-10,-6.439136e-06,6.370392183164303e-06,True
1.890645716461525e-06,6.143179642601974e-06,1.2824411309212422,4.0188232503927735e-14,-0.04931554274347457,247,7.831762e-11,4.824424e-11,1.071715e-10,1.740956e-10,-5.277894e-06,6.768588350242439e-06,True
3.206567122921788e-06,4.99890467667539e-06,1.1763000978569724,1.911363361282709e-14,0.026899711893573916,248,3.101047e-11,3.970673e-11,8.344372e-11,6.528031e-11,-2.273033e-06,2.6737689403321277e-06,True
3.974948543076344e-06,4.608932090639288e-06,1.6550300114073564,1.1880078860942094e-13,-0.0026824436587831874,249,7.805769e-11,1.345047e-10,3.055519e-10,1.772091e-10,-2.006042e-05,3.320059714143636e-05,True
3.4099058457144766e-06,3.4214249709944257e-06,1.0778800657752454,1.6782032720118016e-13,0.03600405315926168,250,3.173177e-10,6.324769e-10,1.291731e-09,6.480917e-10,-1.778536e-05,1.917048500663642e-05,True
2.4969330185982885e-06,2.043419897785459e-06,1.7774719313152985,1.9978230411788202e-13,-0.043395830157790985,251,1.668668e-10,4.421596e-10,1.003414e-09,4.105794e-10,-3.566021e-05,6.338502233980912e-05,True
8.296151523586937e-07,6.103712280935596e-06,1.0505547962336068,1.4645706201981803e-13,0.030068499312041405,252,1.187332e-09,3.205468e-10,6.569326e-10,2.416429e-09,-1.533302e-05,1.6108177701745817e-05,True
2.38529362922364e-06,6.661718161875831e-06,1.2448943148552278,1.0734840586884746e-13,0.01796515755499034,253,2.025138e-10,1.450229e-10,3.103837e-10,4.333215e-10,-1.341185e-05,1.6696335816691086e-05,True
2.2858996721300226e-06,1.5600488281545106e-06,1.6159875587344419,1.6524363092690606e-13,-0.043247668052878246,254,1.745365e-10,5.507359e-10,1.24099e-09,4.235334e-10,-2.646578e-05,4.276837121220282e-05,True
2.435577626996024e-06,6.560738773383016e-06,0.9807806080700703,1.9765750189467987e-13,-0.0006187454772632328,255,5.810486e-10,4.314152e-10,8.789181e-10,1.183797e-09,-1.935538e-05,1.8983381365827275e-05,True
9.87101765868085e-07,1.955973822273236e-06,1.6305358652273507,1.2218952023377376e-13,0.026077537232035736,256,3.455997e-10,3.488332e-10,7.828371e-10,7.755949e-10,-1.999451e-05,3.260176566264692e-05,True
5.586882469731653e-07,3.4343952421994805e-06,1.7270285147491071,6.777237649463543e-14,-0.021823944128473563,257,2.980699e-10,8.377173e-11,2.154871e-10,6.622148e-10,-1.186747e-05,2.0495459087929587e-05,True
1.968705663298155e-06,2.6032633931122876e-06,1.4492098408632383,1.291842902270623e-14,-0.047142574912492075,258,2.023278e-11,3.020504e-11,6.795271e-11,4.607348e-11,-2.024813e-06,2.934378925507816e-06,True
2.31541410089796e-06,5.770893243592286e-06,1.124522477693029,1.096062179039728e-13,0.01680864553360925,259,2.62304e-10,2.104993e-10,4.399744e-10,5.482671e-10,-1.234237e-05,1.387927249300411e-05,True
2.5689054429483154e-06,2.947362444296707e-06,1.2688415321810285,1.8207557008353163e-13,0.015887900635844138,260,3.056688e-10,5.328255e-10,1.146127e-09,6.575145e-10,-2.29089e-05,2.9067763776581963e-05,True
2.685864043318692e-06,2.194381256058514e-06,0.9061254311327922,4.0424200136177676e-14,0.028088955675991692,261,1.472202e-10,3.603585e-10,7.012608e-10,2.86507e-10,-3.662189e-06,3.318402586514769e-06,True
3.950249992896208e-06,5.168928525974027e-06,1.765749671769246,3.980941544703946e-14,0.04716158676332487,262,2.557448e-11,3.907611e-11,8.761408e-11,5.773474e-11,-7.434463e-06,1.3127400602030604e-05,True
1.2918931899114083e-06,6.761247406756572e-06,1.5898649050086067,1.6570805555584925e-13,0.014902391312843974,263,3.771769e-10,1.303726e-10,3.14936e-10,8.239342e-10,-2.654421e-05,4.220170791017851e-05,True
1.0139274468307229e-06,1.4509671595691555e-06,1.0619473264439154,1.635779553712368e-13,-0.011374850757291624,264,9.337806e-10,1.303031e-09,2.735138e-09,1.957048e-09,-1.457958e-05,1.548274600167518e-05,True
2.5045158534107743e-06,5.886523811192164e-06,0.908365710507938,6.538223355094571e-14,-0.03628409085334848,265,1.975591e-10,1.681195e-10,3.439703e-10,4.041848e-10,-5.943603e-06,5.398965162072112e-06,True
2.4397065371167715e-06,2.1835624174810737e-06,1.7026067529868725,1.303981507276849e-13,0.02003129792278127,266,1.323287e-10,3.176017e-10,6.963462e-10,3.116678e-10,-2.251738e-05,3.8338243247571545e-05,True
1.5857128724311843e-06,7.815023210572535e-06,1.2571930466979766,2.3251350268761536e-14,0.04308817730815907,267,6.869572e-11,2.810103e-11,5.913892e-11,1.454527e-10,-2.957506e-06,3.7181559787675457e-06,True
1.9715274295733684e-06,2.4484981781790165e-06,1.7913242802197542,1.8434871218187086e-13,-0.019667835879056208,268,2.106174e-10,3.391332e-10,7.826861e-10,4.860312e-10,-3.330716e-05,5.9663924413164195e-05,True
2.9978361650143103e-06,6.7483068162567785e-06,1.562768512479293,1.55639890364572e-14,0.04555620659304274,269,1.650863e-11,1.46094e-11,3.401657e-11,3.834951e-11,-2.633761e-06,4.115958760195975e-06,True
1.7765817828455822e-06,5.693011879737265e-06,1.744736959327804,1.8421476607938767e-13,-0.008875135763232588,270,2.466735e-10,1.539785e-10,3.530029e-10,5.655348e-10,-3.253248e-05,5.676062023459259e-05,True
8.082528835793629e-07,6.632095201523811e-06,1.758382877709729,8.479734309330204e-14,0.019458808479596135,271,2.662667e-10,5.251392e-11,1.421194e-10,5.829953e-10,-1.512354e-05,2.6592973786358196e-05,True
3.1055895889596666e-06,6.804048697683066e-06,1.5505720197549526,1.8923507203749158e-13,0.013642477508999287,272,1.816411e-10,1.658048e-10,3.707225e-10,4.061231e-10,-2.960313e-05,4.590178507516843e-05,True
3.690154987880075e-06,3.850678408576077e-06,1.7804520517478286,1.3407852298836064e-13,0.02104745441643703,273,8.725613e-11,1.671326e-10,3.806611e-10,1.985899e-10,-2.430268e-05,4.3269756468970914e-05,True
3.484749342616385e-06,2.419850031794117e-06,1.7471196018396438,1.5600962842263658e-13,-0.038254633658768876,274,9.226401e-11,3.043378e-10,6.810128e-10,2.364726e-10,-2.764527e-05,4.829959311514945e-05,True
2.4226843262397796e-06,7.661146030428284e-06,1.3296769807322533,4.5848665273564525e-14,-0.027449369697579957,275,6.841708e-11,4.334279e-11,9.576005e-11,1.513268e-10,-6.249571e-06,8.309910698151849e-06,True
3.375495624864892e-06,1.6289675509186947e-06,1.7043777452268654,5.210101640941513e-14,0.028804906579184067,276,3.041847e-11,1.765996e-10,3.7612e-10,9.10529e-11,-9.054127e-06,1.5431652561257684e-05,True
1.5492956900228114e-06,4.036155691031058e-06,1.0823866578692833,5.4878414582744536e-14,-0.015362904682156585,277,1.947234e-10,1.495269e-10,3.155154e-10,4.110584e-10,-5.955259e-06,6.44589288575597e-06,True
8.434719589709178e-07,7.746909610087396e-06,1.486404212321584,1.7914140826753316e-13,-0.03456428827558372,278,6.371745e-10,1.26601e-10,3.089122e-10,1.418582e-09,-2.677546e-05,3.9799156530848074e-05,True
7.53893253252022e-07,1.222119804194441e-06,0.9139529742549625,1.8589369822734807e-14,-0.017072669400811487,279,1.973284e-10,2.434404e-10,4.918097e-10,3.986478e-10,-1.69942e-06,1.5531899635083681e-06,True
2.7435868409819335e-06,1.7875722336247732e-06,1.1983196693486762,1.3316482169151013e-14,0.017603647973976913,280,2.37656e-11,7.241514e-11,1.536595e-10,5.059773e-11,-1.61775e-06,1.938581645088821e-06,True
1.571373887808089e-06,7.553645262106831e-06,0.9382877688410868,1.143957525122113e-13,-0.003381872958159525,281,5.744884e-10,2.390381e-10,4.817359e-10,1.157699e-09,-1.073499e-05,1.007250981563138e-05,True
2.341590644632758e-06,1.6780786426085621e-06,1.0741019860810235,1.7779560649776543e-13,-0.035444830045874884,282,4.012078e-10,1.119646e-09,2.387687e-09,8.555532e-10,-1.67768e-05,1.8019994200084114e-05,True
2.2954596354254334e-06,6.019756728846944e-06,1.2988038963567694,1.3626697405948946e-13,-0.04076610235524354,283,2.174574e-10,1.65847e-10,3.681427e-10,4.826127e-10,-1.782845e-05,2.3155660326001846e-05,True
3.3994729925044374e-06,2.687366257171308e-06,1.6380889992537262,1.1188034180405461e-13,-0.011778683219514051,284,7.617262e-11,2.27898e-10,4.957309e-10,1.960158e-10,-1.860737e-05,3.0480528102043805e-05,True
2.4763705592231374e-06,4.148983481714224e-06,1.6838952627427681,1.7288161430024929e-13,-0.01782618608248128,285,1.733946e-10,2.06974e-10,4.735856e-10,3.967835e-10,-2.945924e-05,4.960627468000227e-05,True
1.8207825130146426e-06,3.2722657052609865e-06,1.3387453663329438,7.221037834015553e-14,-0.014700596412297755,286,1.450718e-10,1.614701e-10,3.560862e-10,3.200004e-10,-9.743813e-06,1.3044484504164701e-05,True
2.7101389083969347e-06,2.9066084536607246e-06,1.349787987381978,5.1482607429026487e-14,0.028653683780929237,287,7.475881e-11,1.394118e-10,3.019388e-10,1.619432e-10,-7.006896e-06,9.457824049634831e-06,True
1.0312825318971473e-06,7.424574911063213e-06,1.2492069547782232,8.798421267464699e-14,0.04305140875901724,288,4.045053e-10,1.124258e-10,2.37685e-10,8.550697e-10,-1.101857e-05,1.3764474275710685e-05,True
3.372473876725076e-06,1.1486866158006794e-06,0.9690205192480675,1.4871858055855025e-13,0.026290196095211646,289,3.576618e-10,2.100088e-09,4.182397e-09,7.123048e-10,-1.026947e-05,9.951327151802453e-06,True
5.736684482038352e-07,2.5904128785925327e-06,1.6427362781137074,1.9352686778864247e-13,-0.02202327612768087,290,8.756295e-10,3.724507e-10,8.756892e-10,1.977021e-09,-3.179932e-05,5.223789658334678e-05,True
6.343833204427144e-07,2.764356019222955e-06,1.1078782635545052,9.993452010040009e-14,0.04388527412279469,291,9.752661e-10,4.469138e-10,9.16762e-10,1.997429e-09,-1.103814e-05,1.2228915376071526e-05,True
3.07565864600946e-06,1.8234166858428552e-06,1.6673043776855458,1.557883676733281e-13,0.03253708085543498,292,1.27619e-10,4.740754e-10,1.042846e-09,3.091532e-10,-2.596002e-05,4.328325499080432e-05,True
3.749545007307766e-06,5.273781931976185e-06,1.6961389250111059,3.0690728840542397e-14,0.018302590064218666,293,2.154821e-11,3.038581e-11,6.829186e-11,4.888994e-11,-5.600864e-06,9.499843444093402e-06,True
3.6313060894830987e-06,3.605329153775956e-06,1.4542459924270372,3.9921129321214606e-14,-0.03396590705151793,294,3.385228e-11,6.795223e-11,1.529717e-10,7.620952e-11,-6.036508e-06,8.778567567253749e-06,True
2.7037503109725618e-06,5.678533076437649e-06,1.6243944108532866,1.8049459427807172e-13,0.0031468084914360248,295,1.811076e-10,1.724623e-10,3.898582e-10,4.093646e-10,-2.962745e-05,4.812666418783521e-05,True
2.05850542899786e-06,5.706357589666568e-06,1.1446594274256725,7.851369613365433e-14,-0.012813011702623493,296,1.883146e-10,1.358706e-10,2.900919e-10,4.020629e-10,-9.020365e-06,1.0325245836070576e-05,True
1.4070877332361895e-06,3.963521269462219e-06,1.4851530811815257,1.2551957230119418e-14,0.015620078509983051,297,2.905043e-11,2.0801e-11,4.637691e-11,6.430954e-11,-1.96857e-06,2.923627801021516e-06,True
3.2689301403736332e-06,1.908174841029206e-06,1.3059355911036232,1.4828283506096491e-13,-0.03662809616917358,298,1.559606e-10,5.785243e-10,1.260759e-09,3.68051e-10,-1.912288e-05,2.4973249596403658e-05,True
2.887533897449882e-06,1.587646717342432e-06,1.7692340551075538,1.3723932337034243e-13,0.023621585018738248,299,1.056361e-10,4.305245e-10,9.562795e-10,2.628855e-10,-2.437821e-05,4.313075933456352e-05,True
3.7441595003619847e-06,7.77728340068193e-06,1.6601368427379262,1.42597104633759e-13,0.02644606798355885,300,1.032851e-10,9.947674e-11,2.237349e-10,2.32384e-10,-2.407194e-05,3.996271447017679e-05,True
2.690342728687725e-06,3.297140575369477e-06,0.9300040093221786,1.8040680547876074e-13,-0.021402203096912972,301,5.065147e-10,8.265869e-10,1.683642e-09,1.031707e-09,-1.594476e-05,1.4828690727679901e-05,True
3.387972279775332e-06,4.37958587283479e-06,1.3638453959539347,1.298779777866621e-13,-0.020689921502899514,302,1.341518e-10,2.075334e-10,4.604192e-10,2.975864e-10,-1.786094e-05,2.435956078640947e-05,True
2.335504723900304e-06,3.67104394994042e-06,1.0248814856228383,1.7031682802703656e-13,0.0018539534607298486,303,4.751883e-10,6.046239e-10,1.244904e-09,9.784206e-10,-1.720945e-05,1.7637646682751952e-05,True
1.4169934888210314e-06,7.616691802711837e-06,1.0710892872790878,1.3696755260841912e-13,0.005933957513629129,304,5.775965e-10,2.149173e-10,4.466204e-10,1.200139e-09,-1.468271e-05,1.5726493389225534e-05,True
1.4285045891547233e-06,1.5956252570718954e-06,1.2835225744679848,7.096958052713066e-14,-0.008537778048458136,305,1.987131e-10,3.557401e-10,7.761969e-10,4.335464e-10,-9.135025e-06,1.1725010805829403e-05,True
3.404063306667992e-06,1.3376910478119526e-06,1.1275873473670375,9.455611911140428e-14,0.018787455494358826,306,1.538642e-10,7.829506e-10,1.635693e-09,3.214781e-10,-1.019732e-05,1.1498369009052838e-05,True
3.405079502996519e-06,5.1371563292533975e-06,1.1551695939162496,2.2978921870138632e-14,-0.017138712877303182,307,3.254287e-11,4.303482e-11,9.230516e-11,6.955092e-11,-2.701578e-06,3.1207807611930738e-06,True
8.494477163258485e-07,5.960372548329089e-06,0.9670855334212981,3.03679763427481e-14,0.04877234263655271,308,3.171798e-10,9.043316e-11,1.770446e-10,6.210892e-10,-2.936847e-06,2.8401822475717388e-06,True
3.828916039075501e-06,6.434974751868849e-06,1.7089098676987033,1.6111062774094449e-13,-0.04734022636403011,309,9.81763e-11,1.167908e-10,2.701872e-10,2.270082e-10,-2.822753e-05,4.823830455776118e-05,True
3.3144484596378634e-06,4.875508162888933e-06,1.078536666336682,1.5183280647858538e-13,-0.01336948801256753,310,2.551224e-10,3.468725e-10,7.306617e-10,5.374168e-10,-1.639031e-05,1.767755030762478e-05,True
3.0918163519515554e-06,5.303327650009881e-06,1.459305576182746,1.477725655548208e-13,0.04946503335071645,311,1.691146e-10,1.971642e-10,4.298815e-10,3.686981e-10,-2.167476e-05,3.163009813042273e-05,True
3.962928775238496e-06,5.641939531621126e-06,1.351405874633372,1.1071796696681898e-13,-0.013919890793831893,312,1.007235e-10,1.41439e-10,3.123405e-10,2.22377e-10,-1.512071e-05,2.0434216322627574e-05,True
3.955987497599378e-06,7.624384039216265e-06,1.786294624278216,1.898082535657634e-13,-0.008750921181557333,313,1.101491e-10,1.142599e-10,2.626644e-10,2.531314e-10,-3.463724e-05,6.187231561183439e-05,True
3.1635444114415207e-06,3.5277681609918197e-06,1.4011397119077895,1.778546502123866e-13,0.02425725551268934,314,2.043852e-10,3.665442e-10,8.014394e-10,4.468909e-10,-2.498446e-05,3.500671908657169e-05,True
3.3462830041306407e-06,3.933542913885105e-06,1.6341220281767588,1.1336553260977583e-13,-0.009529446139972475,315,8.937663e-11,1.519631e-10,3.452428e-10,2.030486e-10,-1.885827e-05,3.081671442030492e-05,True
1.718076905322983e-06,7.641927807982156e-06,1.0573936637061119,1.8325750454053075e-14,0.029041823025774877,316,7.048715e-11,3.181444e-11,6.518854e-11,1.438627e-10,-1.943017e-06,2.0545338642732583e-06,True
2.4133270722846134e-06,5.326779542249629e-06,1.4092343489560668,1.8972995772893965e-13,-0.007954372742902407,317,2.660779e-10,2.411171e-10,5.35042e-10,5.904692e-10,-2.687993e-05,3.7880120653534645e-05,True
1.6729126033646254e-06,1.2252880670328725e-06,1.4279965759956261,9.433086495619071e-14,0.009340235381804896,318,1.825384e-10,5.356574e-10,1.160807e-09,4.251492e-10,-1.337253e-05,1.909592705239879e-05,True
3.4426719557213274e-06,1.2163978539013829e-06,1.424664630063663,2.871846844609219e-14,-0.026991673165281952,319,1.703707e-11,1.615813e-10,3.395947e-10,6.015031e-11,-4.177783e-06,5.9519396721812604e-06,True
2.5912249832058556e-06,6.177606314262169e-06,1.2077033890206574,1.599459937005544e-13,-0.012625286234940893,320,2.744104e-10,2.30228e-10,4.971991e-10,5.926474e-10,-1.937601e-05,2.3400472942698147e-05,True
3.0168940425426708e-06,4.60238173842505e-06,1.3845561741806884,7.656982914511636e-14,-0.03175247198950379,321,8.477406e-11,1.111745e-10,2.483897e-10,1.894033e-10,-1.077276e-05,1.4915491370966753e-05,True
3.628103293244632e-06,7.3311155707172035e-06,1.400773898613211,5.7168256076756e-14,0.004500177953660187,322,5.522473e-11,5.466721e-11,1.206222e-10,1.218078e-10,-8.183017e-06,1.146255662550818e-05,True
3.5398722913127023e-06,3.6516221216044673e-06,1.4708920880992262,7.745527379698861e-14,-0.024714222848480884,323,6.6919e-11,1.296415e-10,2.915712e-10,1.504335e-10,-1.161663e-05,1.7086809157376115e-05,True
1.3872450114407366e-06,4.6780377223326995e-06,1.0735132520147348,8.844859140420315e-14,0.02315192471041415,324,3.990383e-10,2.366757e-10,4.867669e-10,8.20718e-10,-9.500483e-06,1.0198894401040704e-05,True
2.2916333706372605e-06,2.392070151737643e-06,0.9874473253103405,1.0699400747141375e-13,-0.003874675450747031,325,3.254208e-10,6.235041e-10,1.275615e-09,6.658021e-10,-1.039819e-05,1.026766490356873e-05,True
5.877405456053273e-07,7.3372405708242615e-06,1.3052058122786652,1.1681190699466745e-13,0.019681630030183292,326,8.281717e-10,1.210349e-10,2.832323e-10,1.767228e-09,-1.527101e-05,1.9931811011365618e-05,True
1.1343659886940274e-06,6.723008262436432e-06,1.3032970240578345,1.6731544384562568e-13,-0.03881289124839305,327,5.490968e-10,1.719591e-10,4.037583e-10,1.196263e-09,-2.190498e-05,2.8548695246046384e-05,True
2.828041856456707e-06,7.5591774053007285e-06,0.9586967008885436,4.6538409560193674e-14,-0.026822930116190625,328,1.137324e-10,8.510488e-11,1.755863e-10,2.345587e-10,-4.47076e-06,4.286102862464465e-06,True
3.993804742259276e-06,6.844853818740387e-06,1.1545882212284067,1.204221301337438e-13,0.039686195411245156,329,1.679375e-10,1.959534e-10,4.068572e-10,3.48715e-10,-1.392315e-05,1.607550499239629e-05,True
3.0369525149596902e-06,7.954630818272366e-06,0.9473589299524965,7.866015429092439e-14,0.00836154240995899,330,2.083601e-10,1.591104e-10,3.188582e-10,4.175204e-10,-7.452864e-06,7.060537264121483e-06,True
3.098697922153135e-06,3.0933073628534627e-06,1.1222894390678977,1.2976108250865066e-13,-0.030016530564759145,331,2.057489e-10,4.121883e-10,8.84726e-10,4.416463e-10,-1.456569e-05,1.6346920059736886e-05,True
3.171048416659365e-06,3.186969922994454e-06,1.686131445107876,8.632459042032994e-14,-0.030202575420659267,332,6.638769e-11,1.320633e-10,3.032684e-10,1.523241e-10,-1.496083e-05,2.5225925907913264e-05,True
1.1172781770043182e-06,2.5063936411895045e-06,0.9377925525606041,1.5503624286207285e-13,-0.0020195813652690645,333,1.101932e-09,9.790363e-10,1.977429e-09,2.217978e-09,-1.332041e-05,1.2491781295053796e-05,True
1.8147458414510623e-06,4.246328401079761e-06,1.3475679559612033,9.703255469969189e-14,-0.03839571049476139,334,1.846621e-10,1.578691e-10,3.521606e-10,4.120125e-10,-1.319214e-05,1.7777305134554027e-05,True
9.755649903273103e-07,6.602716014201741e-06,1.2771758155518176,1.4272548584762818e-13,-0.03997744404232636,335,5.626937e-10,1.533556e-10,3.613814e-10,1.222802e-09,-1.830693e-05,2.338116825300004e-05,True
2.6705086758573108e-06,2.4151214092512194e-06,1.6849948488265225,1.581977845481794e-13,0.027851360172457068,336,1.570173e-10,3.471603e-10,7.826564e-10,3.538984e-10,-2.684165e-05,4.522804198400443e-05,True
2.9907992640238974e-06,6.036720077224302e-06,1.0593681458238093,1.3863642620410886e-13,0.03127728539046275,337,3.068189e-10,3.040146e-10,6.197563e-10,6.254375e-10,-1.469044e-05,1.5562584184135922e-05,True
9.456117237230921e-07,7.504079918313114e-06,1.2970260389050252,1.855609142012629e-13,-0.02114850240733042,338,7.597701e-10,1.789188e-10,4.156314e-10,1.648949e-09,-2.413266e-05,3.130068840804175e-05,True
1.1812234026200897e-06,5.5247231670369904e-06,1.5110102826816911,1.2879390046869612e-13,-0.028589312987970985,339,3.265978e-10,1.254042e-10,3.063196e-10,7.162232e-10,-1.964985e-05,2.969112540315283e-05,True
3.549208268636373e-06,5.551380030084334e-06,1.1717029151960072,1.973549814790486e-13,-0.0016134213628181265,340,2.694455e-10,3.445083e-10,7.348518e-10,5.747242e-10,-2.315437e-05,2.7130042828526976e-05,True
3.5852934959294116e-06,6.96475276116414e-06,1.0450470321515588,5.5714908699677286e-14,-0.049439076084012455,341,8.351725e-11,8.598038e-11,1.838473e-10,1.783982e-10,-5.864474e-06,6.128651148829981e-06,True
8.83835617613812e-07,5.3937631749106565e-06,1.7815311993591605,1.9297467277800565e-13,0.04910019790629265,342,5.539544e-10,1.6831e-10,4.026123e-10,1.22835e-09,-3.457195e-05,6.159100754768492e-05,True
1.8311963834052032e-06,3.7885452554002592e-06,1.0149565632191415,1.152396187962044e-13,0.026180312631510078,343,4.542037e-10,4.390848e-10,8.869471e-10,9.175192e-10,-1.167629e-05,1.185092716955003e-05,True
2.6740485863454836e-06,4.442841825102674e-06,0.942730305157361,1.7819888853788334e-13,0.03718630531049126,344,6.060389e-10,7.295217e-10,1.428603e-09,1.186804e-09,-1.636038e-05,1.5423426029890383e-05,True
1.1031050346755864e-06,7.167874806510906e-06,1.2100559023252297,1.448527048171727e-13,-0.016633468084360975,345,5.861799e-10,1.673763e-10,3.84036e-10,1.24747e-09,-1.757854e-05,2.1271016081260144e-05,True
3.4664265514155415e-06,4.7334629635336105e-06,1.0254884167127145,2.679220096259895e-14,0.01690322419736076,346,5.278882e-11,7.735609e-11,1.577348e-10,1.078242e-10,-2.752242e-06,2.822392290990235e-06,True
2.2070300022355383e-06,6.505551642737591e-06,1.700428940740558,5.4704636433419885e-14,-0.009946996486306627,347,6.139438e-11,4.179447e-11,9.519976e-11,1.402347e-10,-9.717124e-06,1.6523278870364654e-05,True
3.3917887106946142e-06,5.15524870870004e-06,1.5346328116348777,1.1147985748147041e-14,-0.03436063032926154,348,1.00698e-11,1.269404e-11,3.135598e-11,2.450794e-11,-2.042639e-06,3.134700831725055e-06,True
6.992754083042855e-07,7.700908543726088e-06,1.4856654666931024,1.9112028621242508e-13,0.04430706355019849,349,9.363806e-10,1.578353e-10,3.68969e-10,2.031244e-09,-2.84207e-05,4.222365252924465e-05,True
3.290933660143227e-06,5.624923361287025e-06,1.6074576146108295,1.136351715352703e-13,0.008784446614639951,350,9.616457e-11,1.125286e-10,2.533645e-10,2.165193e-10,-1.857472e-05,2.985807510326407e-05,True
2.1239256739103897e-06,6.6258915554523625e-06,1.531762092248589,1.513649989983082e-13,0.02959945417044886,351,2.228405e-10,1.428919e-10,3.168154e-10,4.942227e-10,-2.336175e-05,3.578464305858848e-05,True
1.5539072119421514e-06,4.074384635925543e-06,1.0535917854431258,1.273567834457295e-13,-0.009871736653667057,352,4.846356e-10,3.696783e-10,7.724998e-10,1.012771e-09,-1.341832e-05,1.4137431726447203e-05,True
3.699233475302783e-06,2.868124403027919e-06,1.3143779995611176,7.639340188393028e-14,-0.023386457175752134,353,7.676478e-11,1.979847e-10,4.366355e-10,1.692841e-10,-1.015843e-05,1.3352016902081643e-05,True
3.68190497078386e-06,4.099379601883317e-06,0.949242361320286,4.9188147046715783e-14,0.0013098811336930138,354,1.042396e-10,1.872222e-10,3.772681e-10,2.101851e-10,-4.670711e-06,4.433636738684635e-06,True
2.7075652992207827e-06,2.9135999565509253e-06,1.4019916296528883,5.6349069689822023e-14,0.04647547932572661,355,7.904647e-11,1.467884e-10,3.178323e-10,1.710618e-10,-7.961586e-06,1.1162076930761621e-05,True
2.717448815461684e-06,6.888250676820172e-06,0.9902598436719695,8.988762880191155e-14,0.030672054108199412,356,2.57852e-10,2.034509e-10,4.066878e-10,5.154007e-10,-8.901773e-06,8.815068339383358e-06,True
3.1078683989957807e-06,2.6930841292763733e-06,1.579774074495679,1.3142994783555134e-13,-0.01859929648923892,357,1.061165e-10,2.779341e-10,6.078707e-10,2.633741e-10,-2.100558e-05,3.318407070374494e-05,True
1.9158238739229034e-06,5.566529093897077e-06,0.9204167360278083,8.105914953768112e-14,-0.0019530042105956671,358,3.521739e-10,2.424224e-10,4.851789e-10,7.047957e-10,-7.461289e-06,6.867495267940189e-06,True
1.4010839037988147e-06,5.064219918785559e-06,1.49404302232402,8.31076227246626e-14,-0.03380953677722216,359,1.73954e-10,9.629181e-11,2.178306e-10,3.936304e-10,-1.260779e-05,1.8836580676426556e-05,True
3.0676178594839016e-06,3.512741008161558e-06,1.19478378388823,8.532780022268684e-14,-0.00022561030737992122,360,1.301209e-10,2.271862e-10,4.863496e-10,2.784609e-10,-1.023292e-05,1.2226126877825547e-05,True
1.1224381309254522e-06,5.609304469024163e-06,1.753094562754585,1.0374544228585127e-13,0.015674171723524824,361,2.356801e-10,8.040427e-11,2.056824e-10,5.138145e-10,-1.845594e-05,3.2355008064524855e-05,True
3.231493294612053e-06,4.524764982841076e-06,1.082705834693679,1.2700443418796375e-13,0.022976693052467717,362,2.411187e-10,3.443777e-10,7.100377e-10,4.970724e-10,-1.375527e-05,1.4892911086786922e-05,True
1.1930813033908198e-06,1.292406513183838e-06,1.0202528001373727,1.8189362035141719e-13,0.0067801604086144,363,1.019681e-09,1.878192e-09,3.858822e-09,2.090044e-09,-1.373341e-05,1.4011550007934596e-05,True
2.8921124732573884e-06,4.205467622982288e-06,1.711360001689187,1.9090448622362658e-13,-0.04938916292052832,364,1.531793e-10,2.106662e-10,4.87814e-10,3.546482e-10,-3.317184e-05,5.676896015843344e-05,True
3.092391542968415e-06,5.220015619218942e-06,1.694413673356581,7.177807524426771e-14,0.04223189594152926,365,6.233948e-11,7.381975e-11,1.657879e-10,1.399387e-10,-1.245717e-05,2.11075991793274e-05,True
3.5608338268964297e-06,6.8656101992624585e-06,0.9885366381873135,1.9712217381965476e-13,0.011814770209042112,366,4.057931e-10,4.209317e-10,8.520876e-10,8.214737e-10,-1.946241e-05,1.9239305352423153e-05,True
2.3129603602606997e-06,2.185602977648948e-06,1.396051659924808,7.02563213059454e-14,-0.020788827465726217,367,1.021089e-10,2.159891e-10,4.810972e-10,2.273767e-10,-9.911302e-06,1.383668960911607e-05,True
3.6409134986668976e-06,1.9672299612901767e-06,1.6390003100348005,1.1672137328526708e-13,-0.04372230700541556,368,7.01221e-11,3.061949e-10,6.811099e-10,1.841403e-10,-1.939698e-05,3.1791656233738825e-05,True
2.928166280066357e-06,7.823575238637398e-06,1.5433307943260148,1.399006349495224e-13,-0.029059770336511203,369,1.339914e-10,1.003565e-10,2.276524e-10,3.041242e-10,-2.196711e-05,3.390251732534694e-05,True
1.108102787240695e-06,7.819167061839894e-06,1.323816150705873,1.0305804158229201e-13,3.121440325152408e-05,370,3.676485e-10,9.143556e-11,2.217291e-10,7.819024e-10,-1.371753e-05,1.8159487761792334e-05,True
1.6232525736202056e-06,1.1701614790209191e-06,1.5287335685544863,9.575441625845972e-14,0.04206889302722404,371,1.791424e-10,5.346393e-10,1.157575e-09,4.172403e-10,-1.453312e-05,2.2217268399830574e-05,True
3.780579226214437e-06,4.9015933609127545e-06,1.5050811066924161,2.7590744096116268e-14,-0.03318803793719438,372,2.155151e-11,3.287184e-11,7.438606e-11,4.892204e-11,-4.465769e-06,6.721344548752684e-06,True
2.4379897481270277e-06,4.226005110227219e-06,1.7395036660091008,1.585118483124798e-13,-0.018669977686202772,373,1.533808e-10,1.769618e-10,4.0677e-10,3.525517e-10,-2.797853e-05,4.8668755504545605e-05,True
3.809080901436778e-06,1.8320944878179888e-06,0.9036539151329334,4.2899115968478444e-14,0.03388098857797918,374,1.137614e-10,4.730023e-10,9.155066e-10,2.202911e-10,-3.869278e-06,3.496488213437726e-06,True
2.7332960588682643e-06,2.8090097615252856e-06,1.2351538871942571,6.683102825398016e-14,0.00226628483014666,375,1.077963e-10,2.096884e-10,4.515119e-10,2.32064e-10,-8.296091e-06,1.0246949047167293e-05,True
1.6427930327466942e-06,3.3831194970607066e-06,1.4387349577171196,1.3340302954215443e-13,-0.04616179684112795,376,2.479932e-10,2.408524e-10,5.445494e-10,5.607139e-10,-1.934096e-05,2.78265152678085e-05,True
1.7750074999996833e-06,5.450671835790187e-06,0.9333837910162258,6.19645713537812e-14,0.0077020121353744,377,2.908822e-10,1.894648e-10,3.780553e-10,5.804703e-10,-5.783953e-06,5.398647978199672e-06,True
2.7152747819498187e-06,1.5673608242631399e-06,1.4642657790760976,1.4319667950755404e-14,-0.009417826780645781,378,7.127134e-12,6.785061e-11,1.292268e-10,3.981901e-11,-2.196801e-06,3.2167005277401505e-06,True
2.738788855417195e-06,3.6101262781645635e-06,1.4813479263066298,1.0285147903905076e-13,0.007966749483996075,379,1.199771e-10,1.819697e-10,4.046466e-10,2.667574e-10,-1.538361e-05,2.2788478772609932e-05,True
1.3370942131526334e-06,1.827117989680983e-06,1.3363106514575298,1.6090678816772512e-13,0.001472255815125681,380,4.561727e-10,6.676517e-10,1.461329e-09,9.984585e-10,-2.090192e-05,2.793145833191317e-05,True
2.2661258750487215e-06,6.0795378737189095e-06,0.9979542659490751,1.8316386970309524e-13,0.03115723688120174,381,6.188599e-10,4.613569e-10,9.240332e-10,1.239495e-09,-1.82364e-05,1.8199093175553715e-05,True
2.262594605708064e-06,1.931521602606061e-06,1.4666570339810896,1.1721639239302686e-13,0.034139665000772035,382,1.764891e-10,4.134172e-10,9.080631e-10,3.876465e-10,-1.721843e-05,2.525353147361101e-05,True
3.060070097185055e-06,1.6965597543779068e-06,1.039245729092837,4.786495274707585e-14,-0.018117974507143572,383,9.303028e-11,3.353972e-10,7.021615e-10,1.947431e-10,-4.984329e-06,5.179942625643571e-06,True
1.1685848944786202e-06,4.0204915776114e-06,1.516022293497146,1.9930747048470964e-13,-0.00872163938149785,384,5.088526e-10,2.958086e-10,6.645962e-10,1.143222e-09,-3.034163e-05,4.599858750104181e-05,True
1.2979179128466646e-06,1.5353080761180277e-06,1.0905069229230853,1.3149214305931447e-13,0.0016486644536919531,385,5.749483e-10,9.720899e-10,2.034533e-09,1.20334e-09,-1.310962e-05,1.4296131366890937e-05,True
3.2070794930564694e-06,6.6408587925983185e-06,1.3396181094320787,1.251965163751135e-13,-0.029243593680208946,386,1.386575e-10,1.339106e-10,2.972479e-10,3.077002e-10,-1.694151e-05,2.269515359712466e-05,True
3.682946503347782e-06,5.760562487006936e-06,1.2334499029499026,2.9665557058839835e-14,0.008557667131913013,387,3.62545e-11,4.625544e-11,9.932237e-11,7.751098e-11,-3.718406e-06,4.586467519828336e-06,True
1.4954323317565471e-06,5.966378471294432e-06,1.3482614883766622,1.0658596868736857e-13,0.022872259643669096,388,2.77662e-10,1.392351e-10,3.022906e-10,6.028545e-10,-1.443706e-05,1.9464932003383173e-05,True
2.613702218236073e-06,4.051224443457278e-06,1.3873414793499297,2.262796345309858e-14,-0.04383902439001244,389,2.848754e-11,3.655038e-11,8.206273e-11,6.384798e-11,-3.308345e-06,4.589804246499943e-06,True
2.248840167417504e-06,5.3393196679488575e-06,1.2163474598038768,4.0559418544821884e-14,0.04272365310520072,390,9.046077e-11,7.61906e-11,1.599216e-10,1.900044e-10,-4.955492e-06,6.027600106278433e-06,True
3.175727199502811e-06,1.7242639381254092e-06,1.6362526614648236,6.245645525111656e-14,0.01983320920441392,391,4.416048e-11,2.091881e-10,4.481866e-10,1.218365e-10,-1.037586e-05,1.6977528539986405e-05,True
1.6004760773018174e-06,7.069255491083737e-06,1.1584941669032176,1.7979717474633216e-13,-0.03861539250237062,392,5.083054e-10,2.301895e-10,4.996434e-10,1.103469e-09,-2.088679e-05,2.419722438033246e-05,True
3.920288784169442e-06,1.3902237599790915e-06,1.0145616387699614,1.735937551424156e-13,-0.00911307577565082,393,2.852091e-10,1.608466e-09,3.326893e-09,5.899297e-10,-1.379939e-05,1.4000331732425817e-05,True
2.6218133848056794e-06,5.0274487925622345e-06,1.0962685232599183,1.3607972477843725e-13,-0.046859841510159615,394,2.556043e-10,2.666015e-10,5.74877e-10,5.511892e-10,-1.49602e-05,1.6400396361673028e-05,True
6.319629577236453e-07,1.691605254088849e-06,1.3108293122605656,9.150661764054299e-14,-0.028865324531284046,395,5.344447e-10,3.993353e-10,8.830435e-10,1.181812e-09,-1.19993e-05,1.5729034166608207e-05,True
1.2242694673810422e-06,1.5063016406072058e-06,1.009927615444815,1.3536043474258413e-13,0.0006779303985936305,396,7.423811e-10,1.20662e-09,2.476644e-09,1.52361e-09,-1.179671e-05,1.1913823200394003e-05,True
1.8882900599280413e-06,6.9348881370794804e-06,1.3672936516747503,7.342740227772541e-14,-0.03992970209941166,397,1.307009e-10,7.124611e-11,1.592896e-10,2.924171e-10,-1.021358e-05,1.3964963094872196e-05,True
3.6802775782457996e-06,2.1326058562833628e-06,1.1264553655428258,8.451760866786877e-14,-0.0077849189277631875,398,1.187041e-10,4.095067e-10,8.686481e-10,2.516746e-10,-9.527777e-06,1.0732615523345528e-05,True
2.8184389985965346e-06,4.722972522068047e-06,1.535488588454006,3.835786832506854e-14,0.04779566520732283,399,4.383926e-11,5.223461e-11,1.149224e-10,9.628179e-11,-6.033232e-06,9.26395888749554e-06,True
1.3721263138830403e-06,4.5583679278793545e-06,1.3002347047768887,6.475434540723342e-14,-0.04057093148949302,400,1.726252e-10,1.039491e-10,2.307722e-10,3.831678e-10,-8.509447e-06,1.1064278307859583e-05,True
1.1917838221581588e-06,1.6127640521475032e-06,1.781024119994397,1.9330733896103086e-14,0.0255938179951911,401,3.938294e-11,5.792291e-11,1.317066e-10,8.919047e-11,-3.592134e-06,6.397677296251953e-06,True
1.6381978486218188e-06,7.604347360882519e-06,1.5152193280361879,3.8905690837980845e-14,-0.042736299398147104,402,7.719739e-11,1.922566e-11,6.61469e-11,1.526637e-10,-6.187249e-06,9.375039272172575e-06,True
2.824231420693819e-06,5.562216158979835e-06,1.5714442995370326,9.681802761440898e-14,-0.009569820854741874,403,9.630342e-11,9.781791e-11,2.210022e-10,2.175472e-10,-1.550473e-05,2.4364819574360813e-05,True
1.4127578198218371e-06,4.142414653764086e-06,1.333995256907783,1.0586670381658277e-13,0.03689303619853994,404,3.068737e-10,2.093413e-10,4.505417e-10,6.604816e-10,-1.416196e-05,1.8891987468517748e-05,True
6.461681679684601e-07,3.0203139238903387e-06,1.2947200853883218,1.6472589210142192e-13,0.04831583301692531,405,1.136537e-09,4.823654e-10,1.033933e-09,2.41638e-09,-2.113495e-05,2.7363844268677913e-05,True
2.2458809133013918e-06,6.464095473746113e-06,1.3205917086466097,1.7492038257786275e-13,-0.011554198132430527,406,2.937986e-10,2.041656e-10,4.485455e-10,6.454361e-10,-2.320709e-05,3.0647090635815645e-05,True
1.3784771570465214e-06,5.301686446752974e-06,1.4452747207441767,1.1001570822603529e-13,0.007880680061944423,407,2.660256e-10,1.383877e-10,3.063612e-10,5.890908e-10,-1.601344e-05,2.314382002415363e-05,True
3.5379089943977436e-06,3.5067592483681447e-06,0.9720058395674024,1.7909172785707545e-14,-0.029290667418381714,408,3.375163e-11,6.793735e-11,1.407545e-10,7.000489e-11,-1.750379e-06,1.7013786094561503e-06,True
2.4221208164721575e-06,2.17981289531122e-06,1.798005998563676,5.042545675800484e-14,0.04513311628890852,409,5.087203e-11,1.13697e-10,2.557517e-10,1.149946e-10,-9.359633e-06,1.6828676278354533e-05,True
7.431660499323033e-07,7.880218653805722e-06,1.3583885903773019,4.571119060773492e-14,0.03308432918565313,410,2.512779e-10,3.560408e-11,9.871896e-11,5.222114e-10,-6.252983e-06,8.493980763023233e-06,True
2.1387626009491966e-06,6.425870367505261e-06,1.2522832259579069,1.67546713436366e-13,-0.03209512725578033,411,3.116453e-10,2.074721e-10,4.556518e-10,6.844601e-10,-2.107619e-05,2.6393359204101775e-05,True
3.3043983231684368e-06,6.578320092813633e-06,0.9353477859008837,5.646393228371669e-14,0.008215576648290271,412,1.419133e-10,1.425684e-10,2.846071e-10,2.833279e-10,-5.281777e-06,4.940298422572213e-06,True
1.3318327763500793e-06,7.530244617760736e-06,1.129959628088574,1.20123170219771e-13,-0.030346517323956344,413,4.368827e-10,1.545586e-10,3.323158e-10,9.39277e-10,-1.361491e-05,1.5384298640059405e-05,True
2.0733701788272983e-06,3.6034589566664863e-06,1.5274381126123524,1.799299026367172e-13,0.03185903726551256,414,2.737479e-10,3.150069e-10,6.977206e-10,6.06323e-10,-2.759184e-05,4.214482801310201e-05,True
1.8577526884827505e-06,1.990956073313079e-06,1.7767548255051187,1.7512637915897027e-13,0.009240676372066069,415,2.233656e-10,4.168042e-10,9.526196e-10,5.104759e-10,-3.121938e-05,5.5469184064277993e-05,True
3.4465155976641527e-06,2.0008990702505536e-06,1.4714517788991444,1.5757507650839644e-13,-0.004336038669851182,416,1.345634e-10,5.079261e-10,1.111433e-09,3.227106e-10,-2.309361e-05,3.398113351570307e-05,True
3.153212975016151e-06,2.824710310870397e-06,1.4535922295920083,4.6388064326667206e-14,-0.04905498964316006,417,3.408629e-11,1.082439e-10,2.226334e-10,9.992533e-11,-6.959689e-06,1.0116549850776975e-05,True
2.1644807047621163e-06,6.4913184452393485e-06,0.9740262560368844,1.2502892488659299e-13,-0.03914046983220392,418,3.701425e-10,2.468515e-10,5.154964e-10,7.729918e-10,-1.219119e-05,1.1874539152334305e-05,True
2.269880062328703e-06,1.2098943214375794e-06,1.5348930238903682,1.8064805792367707e-13,0.03593026441709915,419,2.406585e-10,9.503985e-10,2.081362e-09,5.547259e-10,-2.53444e-05,3.890094275468705e-05,True
3.475593106966167e-06,2.4807727337605082e-06,1.7435242492390601,7.187347866740054e-14,0.008487376013098312,420,4.061069e-11,1.513626e-10,3.222749e-10,1.149659e-10,-1.283967e-05,2.2386275997227282e-05,True
3.8848838672202115e-06,4.959648474605333e-06,1.3620144406479213,1.675948029950638e-14,-0.014633466221299817,421,1.56487e-11,2.416018e-11,5.363514e-11,3.652899e-11,-2.440005e-06,3.323322045253131e-06,True
3.969512672636488e-06,3.556767866617274e-06,1.2114895379633832,5.335260417926763e-14,-0.03912233965639498,422,5.596222e-11,1.248281e-10,2.734613e-10,1.225602e-10,-6.55278e-06,7.938624414575698e-06,True
7.809844670577708e-07,3.050645289369782e-06,1.1186816535313235,1.5886688965643893e-13,0.0071113192976261855,423,1.10979e-09,5.647998e-10,1.192946e-09,2.329884e-09,-1.751536e-05,1.95941118869964e-05,True
2.6408410193179648e-06,5.314474416877607e-06,1.705403017637526,9.382594663682244e-14,0.002864995048150555,424,8.913241e-11,8.858107e-11,2.016299e-10,2.028903e-10,-1.637527e-05,2.7926434872629253e-05,True
2.5297933590930297e-06,1.526496869516794e-06,1.7280856531765099,1.3188920064539914e-13,-0.03571666473380798,425,1.114559e-10,4.123594e-10,9.289785e-10,2.803053e-10,-2.295172e-05,3.966253804772436e-05,True
1.8102967992668427e-06,1.1628537345674661e-06,1.5201208360806657,1.7341735499694953e-13,0.03803272300409667,426,2.980524e-10,9.690631e-10,2.117234e-09,6.800547e-10,-2.398933e-05,3.6466680376615e-05,True
1.051525713849821e-06,2.594253764055728e-06,1.6313099479783117,5.4127293710989454e-14,-0.00629899850540875,427,1.367405e-10,1.108888e-10,2.515662e-10,3.102987e-10,-8.972591e-06,1.4637076957440668e-05,True
3.3575268721823286e-06,3.7007935753049262e-06,1.475582405195111,4.1119731209541876e-14,0.02676160223267801,428,4.091184e-11,7.392046e-11,1.63041e-10,9.003551e-11,-6.20526e-06,9.156372475661016e-06,True
1.7943939365390697e-06,1.075817412432556e-06,1.2327750300283604,8.074605743901296e-14,-0.04646183862027846,429,1.68565e-10,6.055254e-10,1.313379e-09,3.937837e-10,-9.793161e-06,1.2072764345847568e-05,True
3.869990442323096e-06,3.530563785332639e-06,1.4115963948877015,7.158022392477938e-14,-0.010092383899252814,430,6.225183e-11,1.363334e-10,3.029052e-10,1.383169e-10,-1.026833e-05,1.4494737609517231e-05,True
2.306027286377521e-06,7.865152468704647e-06,0.9248045252011099,1.5961468123599434e-13,-0.022836269562951147,431,5.270988e-10,3.090985e-10,6.292708e-10,1.073054e-09,-1.476356e-05,1.3653407096078098e-05,True
1.2892894651702476e-06,3.3747510532562144e-06,1.656006848624248,1.1009197324412577e-13,0.03285717050794647,432,2.346979e-10,1.793667e-10,4.025278e-10,5.267821e-10,-1.837747e-05,3.043321618038666e-05,True
1.148100566426354e-06,4.151983463666579e-06,1.483342349163069,1.4133447852798468e-13,0.013935957489216222,433,3.962704e-10,2.191844e-10,4.863605e-10,8.793427e-10,-2.106431e-05,3.124558307889913e-05,True
2.5245261368778447e-06,7.734023452202117e-06,1.6693484485350187,1.763785005671401e-13,0.009642486633311152,434,1.830443e-10,1.195494e-10,2.706541e-10,4.145988e-10,-2.98316e-05,4.9799335177317266e-05,True
5.464415268746126e-07,3.0015897977662746e-06,1.3232223280353193,7.462868735195584e-14,0.005872830527064735,435,5.319994e-10,1.937242e-10,4.223695e-10,1.159825e-09,-9.907831e-06,1.3110263201600505e-05,True
1.9924816915923536e-06,1.1729577256645622e-06,1.5808218749234686,7.38476148554738e-14,0.0038720776399362444,436,9.5281e-11,3.675958e-10,8.048951e-10,2.369998e-10,-1.175607e-05,1.8584252619131543e-05,True
6.279716694072346e-07,6.782649627890265e-06,1.629777785357306,1.7660435788737973e-13,0.02847730584126154,437,7.986996e-10,1.359413e-10,3.274712e-10,1.768371e-09,-2.888284e-05,4.7072611010029416e-05,True
3.1470811171156614e-06,6.616301749318695e-06,1.1103797820808465,1.7253040164332636e-13,-0.024460073214296482,438,2.791037e-10,2.655034e-10,5.667874e-10,5.95789e-10,-1.919752e-05,2.131653807409269e-05,True
1.1296253954826936e-06,3.5677298772104187e-06,1.7950346932060586,1.9223378075963642e-14,0.0035201861047846617,439,3.962053e-11,2.508375e-11,5.774466e-11,9.052818e-11,-3.711043e-06,6.661450932979491e-06,True
2.8669956202138127e-06,6.062027739140249e-06,1.3252546327145218,9.675419051072513e-14,0.002511685864066214,440,1.302391e-10,1.231801e-10,2.690111e-10,2.844427e-10,-1.29224e-05,1.7125470465790138e-05,True
1.340527114585606e-06,5.801899206310907e-06,0.9105104038431456,2.170364454564576e-14,0.013863358719805333,441,1.474515e-10,6.817386e-11,1.344878e-10,2.906603e-10,-1.976143e-06,1.7992987609818054e-06,True
2.7229807314021735e-06,2.3211031112492395e-06,1.7352033978538106,1.4187896107192927e-13,0.04625535345876973,442,1.250962e-10,3.26933e-10,7.13375e-10,3.041438e-10,-2.482253e-05,4.307213839932815e-05,True
3.0298836341571218e-06,4.1198959599525466e-06,0.9298976133958934,1.705524212416293e-13,0.03300514130064584,443,5.227744e-10,7.689222e-10,1.503637e-09,1.022299e-09,-1.53433e-05,1.426769805161721e-05,True
1.9376197437976298e-06,2.290839503450171e-06,0.9857619886826172,1.9583259658605251e-13,-0.04893241902955934,444,6.123263e-10,1.035792e-09,2.183902e-09,1.291021e-09,-1.734728e-05,1.7100289231034192e-05,True
2.680473413363668e-06,2.3849486935817576e-06,0.9794737243174715,9.199180535009358e-14,-0.025165480482882325,445,2.272216e-10,5.107138e-10,1.057959e-09,4.706692e-10,-8.961648e-06,8.77769874258222e-06,True
3.978177387377069e-06,7.55084367322659e-06,1.738021883939522,5.5847022712748345e-14,0.014449661721482127,446,3.481252e-11,3.675673e-11,8.351559e-11,7.899336e-11,-1.026167e-05,1.7835007025765675e-05,True
2.604776029633205e-06,3.6226288780577395e-06,1.433563518965606,3.20667376816835e-14,-0.03642698066796669,447,3.868976e-11,5.536893e-11,1.244704e-10,8.664825e-11,-4.775444e-06,6.845902305263189e-06,True
3.1142777714992826e-06,6.67830254830366e-06,1.2763991728649253,1.0417008737422205e-14,-0.018648971224469575,448,1.362973e-11,1.284527e-11,3.088117e-11,3.233172e-11,-1.439521e-06,1.8374034137216903e-06,True
1.667852637512295e-06,1.877471392384778e-06,1.693880210690205,1.756074886537781e-13,-0.025045490844527517,449,2.5648e-10,4.556542e-10,1.045929e-09,5.887325e-10,-2.975182e-05,5.039601913001705e-05,True
3.0123588318859634e-06,6.688929736239322e-06,1.2224129146642166,1.1755330961987523e-13,0.024380758370406125,450,1.849747e-10,1.666252e-10,3.538797e-10,3.929167e-10,-1.441104e-05,1.761624140974261e-05,True
3.2930411105008094e-06,6.048841261545342e-06,1.5428817905487877,1.702193401605917e-13,0.010654014146003789,451,1.546229e-10,1.683774e-10,3.765768e-10,3.458123e-10,-2.651554e-05,4.0910343832568e-05,True
8.622169816904045e-07,1.8396915565221456e-06,1.3653703738119916,6.558239029206343e-14,-0.008056684760230963,452,2.721429e-10,2.550868e-10,5.629558e-10,6.005631e-10,-8.995466e-06,1.228214277503306e-05,True
3.120141123839451e-06,3.50442930783869e-06,1.0704862537346378,1.0453299090460628e-13,-0.028980221877044278,453,1.81461e-10,3.230725e-10,6.857818e-10,3.851804e-10,-1.121105e-05,1.2001274914931712e-05,True
1.9886872272400996e-06,7.962557370274594e-06,1.7720011090651613,3.4985638709766985e-14,-0.006849878263285154,454,4.124374e-11,2.091405e-11,4.809078e-11,9.430263e-11,-6.745279e-06,1.1952641868953942e-05,True
1.175000616587867e-06,7.994996341720092e-06,1.4147496369261696,9.261544508087735e-14,-0.03584078469658005,455,2.619576e-10,6.410494e-11,1.66489e-10,5.658546e-10,-1.325791e-05,1.8756623358899832e-05,True
1.2647204270761267e-06,5.008623311495921e-06,1.2272799252073558,4.722854632217636e-14,0.037616774548872176,456,1.813505e-10,9.16392e-11,1.934541e-10,3.828313e-10,-5.816558e-06,7.1385448672042465e-06,True
3.7962049821993266e-06,1.1968984332430083e-06,1.787342666552707,1.4244096363599334e-14,0.005060015667971408,457,-3.593356e-13,6.562413e-11,1.27397e-10,2.348213e-11,-2.7592e-06,4.93163588555223e-06,True
1.6438458263758288e-06,6.280053412188348e-06,1.657659187456787,1.483247052831925e-13,-0.04264546633081962,458,2.217458e-10,1.160982e-10,2.672566e-10,5.103408e-10,-2.499245e-05,4.142896435955438e-05,True
2.935215201809777e-06,7.221341782111668e-06,1.5165720106208551,1.1590062110013724e-13,0.04691352561592596,459,1.295749e-10,1.053209e-10,2.316167e-10,2.848978e-10,-1.774558e-05,2.6912449940233233e-05,True
2.5557031572321377e-06,5.447041745780007e-06,0.9409592575209437,4.4163089215119085e-14,-0.0348949268097524,460,1.212379e-10,1.137578e-10,2.347892e-10,2.501324e-10,-4.162888e-06,3.917108001622846e-06,True
3.389515567288977e-06,5.7177861262720725e-06,1.1956658762471388,2.4426824532599258e-14,-0.030182643038016085,461,3.158793e-11,3.735129e-11,8.118079e-11,6.830231e-11,-2.999332e-06,3.5861989239360833e-06,True
3.157150436146084e-06,7.904341115536682e-06,1.4590028919532267,8.711009187528111e-14,-0.021795678519927864,462,8.589276e-11,6.869112e-11,1.540369e-10,1.928214e-10,-1.298711e-05,1.894823104811467e-05,True
2.0108158460818153e-06,1.0389644724407062e-06,1.0795773702060476,1.9178932084012086e-13,0.007782452048656074,463,5.631328e-10,2.179737e-09,4.533257e-09,1.17116e-09,-1.449951e-05,1.565334287507629e-05,True
1.580149945621674e-06,5.659819519827501e-06,1.5544979963207077,1.3121741195825106e-13,0.027672021046674475,464,2.522353e-10,1.408873e-10,3.134619e-10,5.612664e-10,-2.055639e-05,3.195486706658703e-05,True
2.663871299718654e-06,2.0480662978973157e-06,1.2233181329466838,9.819024184359982e-14,-0.03243553368308051,465,1.529358e-10,3.977453e-10,8.699217e-10,3.34415e-10,-1.204203e-05,1.4731233656487953e-05,True
1.0549266455542652e-06,6.086749398155051e-06,1.3446295111740294,3.68625621260283e-14,-0.03625510994892823,466,1.316815e-10,3.232968e-11,9.41788e-11,2.70985e-10,-5.062486e-06,6.807168075505368e-06,True
1.5324263039509081e-06,6.411931230662198e-06,1.391008975031939,7.572082919465869e-14,-0.020241120844590656,467,1.672381e-10,8.001409e-11,1.779327e-10,3.721163e-10,-1.067288e-05,1.484607186943888e-05,True
2.800512509379747e-06,5.489269935316073e-06,1.4959706902772223,1.8108325663912778e-13,-0.0013131500642790256,468,1.998069e-10,2.038588e-10,4.556907e-10,4.466016e-10,-2.729677e-05,4.083516785923857e-05,True
2.920180124020555e-06,3.595435249544979e-06,1.7576305024031602,5.6632746612317304e-14,-0.014910591318889159,469,4.533144e-11,7.356376e-11,1.690426e-10,1.04174e-10,-1.038341e-05,1.8250198134957998e-05,True
3.995503012309991e-06,2.643148034416584e-06,1.4153740309233518,1.429660979736258e-13,0.0036407449253410343,470,1.12844e-10,3.81249e-10,8.204584e-10,2.713878e-10,-2.032783e-05,2.877148268702464e-05,True
2.1094115354142344e-06,4.5131745072010435e-06,1.1322759159633138,1.1411683314280592e-13,-0.02647879062947581,471,2.635771e-10,2.463896e-10,5.288271e-10,5.657207e-10,-1.295478e-05,1.4668385390603219e-05,True
3.825559432871314e-06,5.114957882646567e-06,1.5100449881335176,6.307745358790184e-14,-0.016450843472387573,472,4.897e-11,7.320531e-11,1.6483e-10,1.103269e-10,-9.810097e-06,1.4813687807953655e-05,True
1.6959531147195112e-06,1.7180310582895755e-06,0.9712385720512414,1.5718905267764366e-13,0.0018805947970672934,473,6.851359e-10,1.352615e-09,2.743224e-09,1.389472e-09,-1.271156e-05,1.2345957382943678e-05,True
2.049170282645563e-06,6.228034733878392e-06,1.1727743816097,3.5875478752859383e-14,-0.0071530297411520685,474,8.357113e-11,5.500882e-11,1.178212e-10,1.787197e-10,-4.246574e-06,4.980273196809831e-06,True
2.977696281604009e-06,7.346574733864529e-06,1.01322258856006,1.732910230801479e-13,0.04487391794370882,475,4.497625e-10,3.645914e-10,7.26764e-10,8.96489e-10,-1.75525e-05,1.7784589485700455e-05,True
1.674405931379505e-06,3.413843197030246e-06,1.1800832227713296,7.214846012998523e-14,-0.02605994888336041,476,1.940083e-10,1.90331e-10,4.119707e-10,4.199578e-10,-8.550362e-06,1.0090138744821511e-05,True
2.9616986796125814e-06,1.847265743942931e-06,1.631534415222724,4.294176341374328e-14,0.04993353318256705,477,3.215914e-11,1.446426e-10,2.996044e-10,9.370542e-11,-7.136574e-06,1.1643566087783696e-05,True
1.0103099022675815e-06,2.0889476703620023e-06,1.1157660122521031,7.454108941130439e-14,-0.025097461240757523,478,3.713711e-10,3.59226e-10,7.679297e-10,7.938843e-10,-8.324106e-06,9.287754557183806e-06,True
3.7123501309418756e-06,5.209244363300891e-06,1.467140081091753,1.2644517744689133e-13,0.04234396019343599,479,1.177782e-10,1.678214e-10,3.673759e-10,2.578139e-10,-1.86877e-05,2.7417473693418354e-05,True
3.787308956906409e-06,4.372893832000346e-06,1.6748423220028523,1.3882802727868212e-13,-0.04803145164157934,480,8.808958e-11,1.524821e-10,3.520133e-10,2.033084e-10,-2.379462e-05,3.985223661197551e-05,True
1.6171980694399024e-06,4.94055811104327e-06,1.1286254972432348,1.0603004376715408e-13,0.0370734028883008,481,3.813904e-10,2.49697e-10,5.161065e-10,7.883411e-10,-1.197504e-05,1.3515335474507627e-05,True
2.106708781876215e-06,1.1901092913128717e-06,1.3854776500762391,3.080017563167075e-14,0.009476574851584409,482,4.283853e-11,1.966552e-10,4.098499e-10,1.158311e-10,-4.315143e-06,5.978534183382932e-06,True
7.230871372549167e-07,6.243997929483702e-06,1.455455820262137,6.638305475251085e-14,0.0010053718470926648,483,3.085626e-10,5.922544e-11,1.538504e-10,6.637688e-10,-9.74712e-06,1.4186502534793482e-05,True
3.4181432833788735e-06,5.853918806751504e-06,1.5999711643460683,1.7448326488222233e-13,0.024028901232758373,484,1.467191e-10,1.713373e-10,3.835578e-10,3.284579e-10,-2.819412e-05,4.5109779004112774e-05,True
3.1688169640497185e-06,2.641418569181988e-06,1.1614400093172095,5.088039105930842e-14,-0.04176770138717901,485,7.184636e-11,1.722251e-10,3.746897e-10,1.563128e-10,-5.963288e-06,6.926001270281203e-06,True
3.708098829062262e-06,1.6543582295095015e-06,1.1722951210773607,8.784376417257791e-14,-0.031109454827276138,486,9.676666e-11,4.883816e-10,1.036853e-09,2.313938e-10,-1.027104e-05,1.2040690080390414e-05,True
2.9963446113128103e-06,1.0867571040736666e-06,1.0220621028974417,3.095696092590912e-14,0.026340498399357024,487,7.339244e-11,4.044666e-10,8.186565e-10,1.486043e-10,-3.162398e-06,3.2321671500786637e-06,True
2.381168312921244e-06,6.314769088295491e-06,1.6237000658633982,1.0569035948119386e-13,0.027621455778311002,488,1.251272e-10,9.438644e-11,2.116052e-10,2.804065e-10,-1.741575e-05,2.827795442206048e-05,True
3.5189600553698236e-06,5.211797423139843e-06,1.036980050515329,5.283898932622966e-14,0.028679612573419222,489,1.037552e-10,1.401034e-10,2.843538e-10,2.106595e-10,-5.482905e-06,5.68566310387075e-06,True
2.688160026788047e-06,3.4741139465520146e-06,1.3094589436580746,1.3784863287702348e-13,7.656317926697798e-05,490,2.012642e-10,3.114272e-10,6.793986e-10,4.390572e-10,-1.811579e-05,2.372188323693151e-05,True
1.9363872412952926e-06,1.6163750249128162e-06,1.5054712469869398,1.6835768564121495e-13,0.024174670567994924,491,2.776432e-10,6.651647e-10,1.473897e-09,6.152079e-10,-2.464819e-05,3.7107141335271024e-05,True
3.1844341842816167e-06,4.163192112532262e-06,1.4563443755214664,4.484714827380867e-14,0.00605594370556449,492,4.625904e-11,7.072676e-11,1.568804e-10,1.026721e-10,-6.689068e-06,9.741586559280624e-06,True
1.828262256589636e-06,3.4514272040855703e-06,1.2359780871726906,5.3837189295243123e-14,0.002034723450308265,493,1.295676e-10,1.372506e-10,2.95609e-10,2.789717e-10,-6.690109e-06,8.268828124796803e-06,True
1.262371915191464e-06,4.369192462770503e-06,1.7191308933525078,1.8855721291912267e-13,-0.019634232929421874,494,3.582777e-10,2.070539e-10,4.753118e-10,8.225732e-10,-3.270777e-05,5.622893785966835e-05,True
1.7058789418225548e-06,4.753834009482621e-06,1.713961658803474,1.7117830617393802e-14,0.0006222446041167298,495,2.500789e-11,1.83677e-11,4.241695e-11,5.728891e-11,-3.233972e-06,5.542904013643989e-06,True
3.6483159656785412e-06,6.468161293387412e-06,0.971961689021191,1.862085384859536e-13,0.042537623318768494,496,4.362137e-10,4.920861e-10,9.695468e-10,8.594584e-10,-1.804315e-05,1.75372505492627e-05,True
7.108318282352454e-07,4.1550317847887996e-06,1.3459762233049353,1.0884992920699151e-13,0.01283872996932138,497,5.96197e-10,1.906038e-10,4.373815e-10,1.278199e-09,-1.469656e-05,1.978122032437438e-05,True
3.0518369081443685e-06,4.987714884604702e-06,1.0654665371506453,1.0532582743695638e-13,0.004432823898567841,498,2.077458e-10,2.542067e-10,5.280066e-10,4.314786e-10,-1.123465e-05,1.1970143631599497e-05,True
2.1565938380594123e-06,6.318163209092406e-06,1.285029326427113,1.7901967266162775e-13,0.00534588135121998,499,3.41304e-10,2.33008e-10,5.05153e-10,7.399099e-10,-2.307359e-05,2.9650239815955376e-05,True
1.7305663035937411e-06,7.469568253416416e-06,1.5296316588896657,1.961675426946474e-13,0.041041580262907607,500,3.623623e-10,1.679438e-10,3.70675e-10,7.999165e-10,-3.016376e-05,4.613944224714974e-05,True
3.340030201626282e-06,5.139585221184457e-06,1.1350912790765364,1.186786603928522e-13,-0.026264097378560832,501,1.723956e-10,2.240378e-10,4.810151e-10,3.701113e-10,-1.351771e-05,1.5343834734085688e-05,True
2.83366091322169e-06,6.480497895134517e-06,1.3567098494067023,6.717806039816568e-14,0.013739679182522793,502,8.967482e-11,7.84326e-11,1.711004e-10,1.956524e-10,-9.21996e-06,1.2508810543135819e-05,True
7.490988604379544e-07,2.5239273866425496e-06,1.0009976533487503,1.6805268676955106e-13,0.014085678774917842,503,1.607742e-09,9.128869e-10,1.935946e-09,3.261378e-09,-1.523597e-05,1.525117021649196e-05,True
1.8527211275817322e-06,3.876019898094679e-06,1.7035174703632199,1.1330627089094432e-13,-0.029466007422986898,504,1.46816e-10,1.403768e-10,3.228486e-10,3.376418e-10,-1.963169e-05,3.344292688775492e-05,True
3.419860141378141e-06,7.095802614360963e-06,1.373987642941863,1.9669237719401716e-13,0.029952567548863746,505,2.193531e-10,2.11443e-10,4.593599e-10,4.765563e-10,-2.713404e-05,3.728183566309023e-05,True
1.0251327305698237e-06,2.2477349318082578e-06,1.6650522937778174,1.3653250444733513e-13,-0.011059443307906966,506,3.399241e-10,3.100669e-10,7.068748e-10,7.749651e-10,-2.286961e-05,3.8079096588304106e-05,True
3.666619599550205e-06,3.0830652831952383e-06,1.16974231611721,4.1577373260849124e-14,0.027117072189277544,507,5.939715e-11,1.411918e-10,2.962099e-10,1.245984e-10,-4.884474e-06,5.713575929774293e-06,True
1.8377754923730863e-06,6.4054267906411375e-06,1.7996760585693738,1.367603905242516e-13,-0.04526680712829919,508,1.611856e-10,9.25203e-11,2.151308e-10,3.748007e-10,-2.522562e-05,4.5397944376568766e-05,True
3.1455431841071558e-06,2.2234423808407884e-06,1.5454726353616284,8.915725141501858e-14,0.03205022435383409,509,7.768273e-11,2.579028e-10,5.501506e-10,1.945491e-10,-1.391065e-05,2.1498528915093238e-05,True
3.770121930141578e-06,7.539930722431116e-06,1.24207371169493,8.23450641967098e-14,0.0027354173331232134,510,9.533547e-11,9.533966e-11,2.054559e-10,2.054478e-10,-1.030637e-05,1.2801271240001276e-05,True
3.5872700408211867e-06,6.667898797862811e-06,1.5731148726183921,1.4705893448290552e-13,0.037851415853316,511,1.240721e-10,1.335007e-10,2.965163e-10,2.75622e-10,-2.33782e-05,3.6776594115047294e-05,True
3.7372150540596067e-06,5.310765822032164e-06,1.2751099050345704,2.6061235283261892e-14,-0.017294718969756005,512,2.8002e-11,3.920409e-11,8.55339e-11,6.095461e-11,-3.429602e-06,4.373119480526373e-06,True
3.4884873668580294e-06,2.3773173600105553e-06,0.9098283462750726,1.2417342933388382e-13,0.005645700179874459,513,3.143342e-10,9.22495e-10,1.828931e-09,6.232035e-10,-1.054879e-05,9.597588160903024e-06,True
3.0195881859154517e-06,3.282665758472849e-06,1.5091412399118638,2.586697025110078e-14,0.006466857411855785,514,2.666421e-11,4.869374e-11,1.086968e-10,5.915204e-11,-4.074643e-06,6.149211789218196e-06,True
1.1263610907020336e-06,1.0831667349556373e-06,1.5932342755333035,1.8223027573946767e-13,0.0030324707295852696,515,4.529348e-10,9.419682e-10,2.123548e-09,1.021081e-09,-2.649564e-05,4.221376180019122e-05,True
2.526594912244716e-06,3.7787035382215083e-06,1.0224471742580072,7.703070789968784e-14,0.034972323363018754,516,2.226013e-10,2.976714e-10,5.990595e-10,4.479955e-10,-7.876678e-06,8.053487163640212e-06,True
3.459092890399484e-06,2.66198423057692e-06,1.6921356136631933,4.6283490778672466e-14,0.0036733769790150556,517,2.41511e-11,9.843763e-11,2.010136e-10,7.747282e-11,-8.125513e-06,1.3749469926583254e-05,True
1.9641854245517647e-06,6.305505541673023e-06,1.4140367250690564,5.4503381690167336e-14,0.04157472490638514,518,1.026388e-10,6.395418e-11,1.391043e-10,2.230722e-10,-7.792751e-06,1.1019236103318615e-05,True
2.8113467546926435e-06,2.136789691872863e-06,1.5292847780405774,8.294815260908826e-14,0.034530061278016,519,8.334937e-11,2.555099e-10,5.433386e-10,2.064582e-10,-1.280155e-05,1.9577215550325353e-05,True
2.145764149214272e-06,6.2158208199581815e-06,1.248925885513403,1.7606820884413009e-13,-0.015575111013415494,520,3.400327e-10,2.34764e-10,5.112611e-10,7.404703e-10,-2.2063e-05,2.7555051812082205e-05,True
3.0017751405322728e-06,6.839109131333266e-06,1.740627773870381,1.9061820272631023e-13,0.047041057212503345,521,1.639784e-10,1.439543e-10,3.241085e-10,3.692092e-10,-3.354915e-05,5.8396582279743486e-05,True
2.3737842388072913e-06,4.315832644562727e-06,1.557031319943341,1.2448325089212966e-13,-0.018337349712974606,522,1.47468e-10,1.622116e-10,3.671788e-10,3.337853e-10,-1.962209e-05,3.055220869274703e-05,True
2.7869105786029667e-06,5.944747485498753e-06,1.1588950349109304,3.230140507567499e-14,-0.03694796195740693,523,5.266511e-11,4.940007e-11,1.071429e-10,1.141386e-10,-3.806938e-06,4.411841546413747e-06,True
1.5874075402156538e-06,6.574816099885736e-06,1.7152515490229887,2.3523730800625517e-14,-0.04150122992133732,524,4.473552e-11,7.222469e-12,4.104008e-11,8.015018e-11,-4.498135e-06,7.715433026464522e-06,True
3.2359104125757697e-06,6.5305315312681364e-06,1.2005695187350418,6.851442972931865e-14,-0.025810185651070752,525,9.239057e-11,9.156841e-11,1.987849e-10,2.00647e-10,-8.304637e-06,9.970294046359221e-06,True
2.463253449793923e-06,7.1470203918354425e-06,1.7877120938369195,5.197559096144859e-14,0.0019571631107260998,526,4.911506e-11,3.396365e-11,7.760649e-11,1.125947e-10,-9.826559e-06,1.7567058365102024e-05,True
1.8766216449692345e-06,7.12618404322173e-06,0.9930013451448109,2.7691433561006606e-14,-0.03692977513420781,527,9.141172e-11,4.817517e-11,1.010865e-10,1.915699e-10,-2.765444e-06,2.7460896119226467e-06,True
1.240851355714952e-06,2.7629614033725513e-06,1.0097985508628844,1.6045244360637123e-13,0.006845233127979092,528,8.860718e-10,7.953551e-10,1.626535e-09,1.810882e-09,-1.548533e-05,1.563706379363355e-05,True
3.637308294326012e-06,3.741913199028345e-06,1.7792709932689506,4.4013274503078205e-14,0.03899780907917148,529,3.009489e-11,5.798935e-11,1.313088e-10,6.773722e-11,-8.205375e-06,1.4599585726394214e-05,True
1.591377076499613e-06,7.248843911252446e-06,1.6073835510529864,9.097368593784942e-14,-0.0361650915061571,530,1.587241e-10,5.533757e-11,1.494931e-10,3.402279e-10,-1.497307e-05,2.406746642676494e-05,True
1.6066838469352864e-06,6.514448326715082e-06,1.2597779172193195,1.6763454121355565e-13,-0.019393977226637455,531,4.219419e-10,2.081593e-10,4.548599e-10,9.220966e-10,-2.119445e-05,2.6700300077609003e-05,True
1.4489004271957055e-06,2.7915993021411266e-06,0.954577046009693,4.16816680429154e-14,-0.005487582379019633,532,2.160731e-10,2.242895e-10,4.550291e-10,4.383538e-10,-3.980255e-06,3.7994600602653104e-06,True
3.2553877732268145e-06,1.0112166946831424e-06,1.4526930627820354,9.073739067124777e-14,-0.013810114111514442,533,7.866855e-11,5.80359e-10,1.2752e-09,1.980556e-10,-1.302031e-05,1.8914514012271564e-05,True
3.7913866240568236e-06,4.6574230499038525e-06,1.4843900567842927,1.2539767985988007e-13,-0.013430614455983002,534,1.014963e-10,1.651401e-10,3.704581e-10,2.275913e-10,-1.88575e-05,2.79918854958098e-05,True
1.4516856489397094e-06,1.8078704404024124e-06,1.1478089220620864,1.5784330593831657e-13,-0.04061690972733781,535,4.982405e-10,8.001388e-10,1.735656e-09,1.080781e-09,-1.716861e-05,1.9706283737404358e-05,True
1.918222066640673e-06,5.183549475931992e-06,1.2110499017854377,6.764873581734825e-14,0.039068850470502056,536,1.767756e-10,1.308652e-10,2.751539e-10,3.716587e-10,-8.213316e-06,9.946735535132765e-06,True
5.00209097027568e-07,6.197070296592222e-06,0.9836486404158484,8.155097818854939e-14,0.04249874156464213,537,1.349545e-09,2.151874e-10,4.309959e-10,2.669292e-09,-7.972119e-06,7.841764015583353e-06,True
3.0641682033265996e-06,2.511480614902604e-06,0.935926834413769,1.519551519007476e-13,-0.012020645308144368,538,3.815982e-10,9.311222e-10,1.886942e-09,7.733381e-10,-1.320256e-05,1.235663018695785e-05,True
9.580215725113825e-07,3.0483118426393774e-06,1.120133313530709,1.4165019938912441e-13,0.04642181406972712,539,8.989358e-10,5.645881e-10,1.159016e-09,1.843892e-09,-1.570539e-05,1.7592130540992062e-05,True
1.093342313859081e-06,5.383306017026118e-06,1.5470022454921915,2.8423338143604364e-14,0.023550575856738115,540,8.159012e-11,3.235632e-11,7.19278e-11,1.761216e-10,-4.605782e-06,7.125155096247516e-06,True
2.0538097683795716e-06,3.1176782142823057e-06,1.159355128002992,1.5488227673022636e-13,0.02256461650750373,541,3.974507e-10,5.236405e-10,1.099199e-09,8.343015e-10,-1.782997e-05,2.0671267151639507e-05,True
2.4290592967520157e-06,1.2126540499096925e-06,1.5114994932589478,6.488965226422187e-14,0.03610365409400497,542,7.654398e-11,3.564857e-10,7.646905e-10,1.909904e-10,-9.863541e-06,1.4908737223238857e-05,True
5.833617637988212e-07,3.665576580718076e-06,1.2908057864786475,8.771760648044698e-14,-0.005657951490785421,543,6.086976e-10,1.80594e-10,4.1572e-10,1.305963e-09,-1.13578e-05,1.4660713961667184e-05,True
1.7980509255162348e-06,1.541423973054019e-06,1.7204013681770591,1.3376601249327496e-13,-0.047303360615764324,544,1.61763e-10,4.106242e-10,9.277091e-10,3.977225e-10,-2.316626e-05,3.985526539954548e-05,True
2.488676663779095e-06,6.8527353192651835e-06,1.5671457257221497,3.147326505042875e-14,0.018559626490265893,545,3.752295e-11,2.738299e-11,6.088579e-11,8.376457e-11,-5.174338e-06,8.108941680141697e-06,True
9.151985051263552e-07,7.132983621029768e-06,1.5913706723811027,6.612141012888865e-14,-0.024024802463898178,546,2.043967e-10,4.00646e-11,1.136193e-10,4.423554e-10,-1.07219e-05,1.7062517212202944e-05,True
1.3225719685612781e-06,7.347077825678162e-06,1.2441531055467978,1.7836098210475282e-13,-0.0075614272583776135,547,5.730002e-10,2.063153e-10,4.471765e-10,1.241899e-09,-2.22516e-05,2.7684397243385126e-05,True
9.682118977424442e-07,4.825372813818923e-06,1.4080719036318263,1.884186854184429e-13,0.015455894580294768,548,6.892495e-10,2.765626e-10,6.076952e-10,1.514224e-09,-2.659908e-05,3.745341721045524e-05,True
2.6377347007557747e-06,6.516119324911857e-06,1.1471415362486037,6.116638956186028e-14,-0.015200249176552848,549,1.133348e-10,9.179196e-11,1.962132e-10,2.423238e-10,-7.058957e-06,8.097622777292836e-06,True
1.8464918523982996e-06,5.824988913045912e-06,1.6975918920201267,1.0217484736248347e-13,0.048720118617026006,550,1.494359e-10,9.473639e-11,2.123834e-10,3.348194e-10,-1.75817e-05,2.9846551367930264e-05,True
2.7464252163505718e-06,7.576781579592388e-06,1.7315892111700282,7.423712313300633e-14,-0.009371186780780028,551,6.505869e-11,4.723821e-11,1.081186e-10,1.490932e-10,-1.339263e-05,2.3190533617192056e-05,True
2.8024502827924587e-06,5.777694419898532e-06,1.1816071604854046,5.856028477412323e-14,-0.04468787438246094,552,8.993695e-11,8.723383e-11,1.906802e-10,1.964711e-10,-6.999874e-06,8.271101240895612e-06,True
2.281887287640235e-06,3.928503942735922e-06,0.9486537167664841,2.855181434164519e-14,-0.03052267133916604,553,8.750353e-11,1.01636e-10,2.09594e-10,1.804308e-10,-2.714286e-06,2.5749175022672333e-06,True
3.664838012741696e-06,2.308710139503656e-06,1.3929062040503264,1.4430712037340432e-13,0.021167231467434072,554,1.338673e-10,4.66643e-10,9.986678e-10,3.146203e-10,-2.008216e-05,2.7972565254731303e-05,True
9.97639389206591e-07,3.897150371632529e-06,1.5682066111098276,1.774273072660629e-14,-0.023826348419793055,555,4.907844e-11,2.52443e-11,5.750515e-11,1.114798e-10,-2.950767e-06,4.6274123172447125e-06,True
8.550328308333984e-07,4.0849562063425245e-06,1.7288529189096606,5.178709723161901e-14,0.038416204531051754,556,1.662298e-10,5.544372e-11,1.476637e-10,3.523524e-10,-9.119883e-06,1.5766936344664593e-05,True
2.4724463197123046e-06,5.954642989029537e-06,1.6374822128059305,2.08321886162067e-14,0.02466286663014329,557,2.354077e-11,1.981905e-11,4.489773e-11,5.293343e-11,-3.680285e-06,6.026401225556474e-06,True
3.414174722230527e-06,4.564267778572189e-06,1.5926341003361586,1.5581674392709539e-13,0.03432673059127482,558,1.344079e-10,2.010722e-10,4.481243e-10,2.995322e-10,-2.503837e-05,3.987696187883386e-05,True
1.2816146147868403e-06,7.11042832013238e-06,1.499754321444546,1.5877739365406178e-13,-0.03878804688985399,559,3.68121e-10,1.191584e-10,2.929063e-10,8.123302e-10,-2.403148e-05,3.6041315980708175e-05,True
3.4075222947647905e-06,3.4641528804682965e-06,1.4215325055065133,1.8340625313591398e-13,0.04005663292255819,560,1.964369e-10,3.864073e-10,8.414873e-10,4.277572e-10,-2.611882e-05,3.712875163547363e-05,True
1.8402963579868148e-06,5.260875335522748e-06,0.9923511320244992,1.0987477487012484e-13,0.02397356829400929,561,4.521495e-10,3.16335e-10,6.357052e-10,9.086067e-10,-1.090324e-05,1.0819842556734801e-05,True
1.5747173916231495e-06,3.686746731894005e-06,1.6720375463091681,4.18898072032015e-14,-0.04720687740581916,562,6.416101e-11,5.482767e-11,1.264694e-10,1.480952e-10,-7.311522e-06,1.2225139304665502e-05,True
1.3433738363224537e-06,2.2719189111681105e-06,1.441972238907312,1.1555894141514018e-13,0.03460314679418133,563,3.025246e-10,3.577558e-10,7.830863e-10,6.622048e-10,-1.669784e-05,2.407782172971607e-05,True
2.7275408879673776e-06,5.223881708322191e-06,1.2513691387713421,3.803631292864437e-14,0.04541300143436498,564,6.630773e-11,6.927313e-11,1.463451e-10,1.400614e-10,-4.790072e-06,5.994148273292721e-06,True
3.371407514146116e-06,1.2545845971809076e-06,1.1774212485876556,2.8099301057160976e-14,0.01996454927747164,565,3.23657e-11,2.369659e-10,4.789145e-10,8.938619e-11,-3.324841e-06,3.914738441575429e-06,True
2.1027784702257373e-06,3.210950606622631e-06,1.5590261651353359,5.522352587151473e-14,0.039600042536511254,566,8.104927e-11,1.060876e-10,2.350403e-10,1.794224e-10,-8.731452e-06,1.3612562127623259e-05,True
3.84539173167637e-06,1.983983849102017e-06,1.5128888463981975,9.747075918443371e-14,0.005574704369479891,567,6.781673e-11,3.113266e-10,6.730744e-10,1.737755e-10,-1.487667e-05,2.2506748114546675e-05,True
1.501540235533316e-06,7.973354783810675e-06,1.0040629042562028,1.0897461517116721e-13,0.0322278763801673,568,5.492496e-10,2.068839e-10,4.14827e-10,1.101323e-09,-1.094259e-05,1.0987048695484883e-05,True
2.344087292828694e-06,7.76700356831942e-06,1.0656319990126746,4.3062597242147325e-14,-0.022123981301868285,569,1.024197e-10,6.184454e-11,1.306045e-10,2.162185e-10,-4.615209e-06,4.918114392531287e-06,True
3.939088935499837e-06,7.274558859482578e-06,1.7065310510412757,5.923605111196332e-14,-0.043307114889414924,570,3.544633e-11,3.849735e-11,8.84461e-11,8.193329e-11,-1.08345e-05,1.84894106725067e-05,True
1.6268711043200398e-06,7.597716376954752e-06,1.160759867732437,1.9011110884390384e-13,0.017171711501915377,571,6.056331e-10,2.593848e-10,5.463192e-10,1.27558e-09,-2.209099e-05,2.5642334630478583e-05,True
9.171297403049098e-07,2.9093117182613476e-06,0.9070087128233013,7.797177471401203e-14,0.011346531378804273,572,7.743195e-10,4.881603e-10,9.627184e-10,1.526922e-09,-7.051056e-06,6.395369226605015e-06,True
1.161360774788471e-06,5.260432927198639e-06,1.6534694535855845,1.4317595624108579e-13,-0.015679957638551845,573,3.260214e-10,1.29596e-10,3.182946e-10,7.208881e-10,-2.392781e-05,3.9563902926199684e-05,True
1.360420604267141e-06,7.255092972110775e-06,1.7259032489029962,9.559258053162841e-14,0.006962720018061384,574,1.838059e-10,5.523176e-11,1.486262e-10,3.959294e-10,-1.682179e-05,2.9032782013363935e-05,True
2.1248545882637197e-06,1.2424829285083441e-06,1.1680356918648591,4.4287690007521826e-14,0.03867475193931773,575,1.128695e-10,3.859028e-10,8.041919e-10,2.352231e-10,-5.17615e-06,6.045927946446291e-06,True
3.911213578138321e-06,6.360380040386115e-06,1.6396832698096506,1.2353194887095455e-13,-0.01945408228045342,576,8.168327e-11,1.004265e-10,2.290217e-10,1.862492e-10,-2.074024e-05,3.400742453983691e-05,True
2.10053264647387e-06,5.237971257614583e-06,1.1755824237321542,4.125918267975802e-14,0.006138944483366195,577,9.644673e-11,7.738308e-11,1.645191e-10,2.049433e-10,-4.879568e-06,5.73633437620586e-06,True
2.4569829012532447e-06,5.196320496169037e-06,1.664355024231253,4.99689004641225e-14,-0.045433717018454785,578,4.954367e-11,4.688631e-11,1.079649e-10,1.141117e-10,-8.757377e-06,1.4575384409037219e-05,True
3.990907966807228e-06,6.978762880336481e-06,1.316672169449743,1.4856680542891973e-13,-0.026361998502367857,579,1.370626e-10,1.567456e-10,3.464584e-10,3.029715e-10,-1.97316e-05,2.5980048578714546e-05,True
3.0821243171884124e-06,6.091354359384633e-06,1.2913915686534592,2.717535956735578e-14,-0.012557654406446808,580,3.467876e-11,3.508033e-11,7.677633e-11,7.59589e-11,-3.614479e-06,4.667707705674987e-06,True
3.5805423148602838e-06,2.0682196943793645e-06,1.050709789309678,9.896168593186656e-14,-0.03742901987411806,581,1.51891e-10,5.257653e-10,1.116983e-09,3.226671e-10,-1.033011e-05,1.0853947701645798e-05,True
3.618009228747939e-06,7.316810199187767e-06,1.4621140963109172,7.936052094409074e-14,0.02266324221579638,582,7.362772e-11,7.283443e-11,1.604653e-10,1.623533e-10,-1.179283e-05,1.7242462978398273e-05,True
3.2671300653130046e-06,4.082617915180796e-06,1.6885049553056637,1.5336086826759874e-13,-0.010766721116555467,583,1.172881e-10,1.876637e-10,4.285302e-10,2.678543e-10,-2.628688e-05,4.4385527139525345e-05,True
2.1987157869782977e-06,7.898138559573486e-06,1.4232588450295705,1.0149450404996962e-13,0.03976072853287822,584,1.680101e-10,9.357531e-11,2.038539e-10,3.660022e-10,-1.455561e-05,2.0716400677300867e-05,True
2.610309030360366e-06,2.6678608991099415e-06,1.3383210152069935,1.0090098740817244e-13,0.025317420742109242,585,1.535236e-10,3.003777e-10,6.504572e-10,3.32444e-10,-1.355447e-05,1.814023205099274e-05,True
3.7151809535678838e-06,2.1602773785868102e-06,1.375338059964728,1.0239665974034311e-13,0.03138906747922607,586,9.524361e-11,3.718991e-10,7.858771e-10,2.286106e-10,-1.413524e-05,1.9440733558735823e-05,True
3.9514335263698475e-06,7.47713983712995e-06,1.0344413236250816,1.815077134469287e-14,-0.020903740725097698,587,2.758406e-11,2.914135e-11,6.095229e-11,5.768602e-11,-1.901351e-06,1.9668360451158726e-06,True
2.060037247076836e-06,4.239483188531273e-06,1.124395930625375,9.92979843034515e-14,-0.03370135431735968,588,2.337594e-10,2.271828e-10,4.88817e-10,5.03016e-10,-1.11995e-05,1.2592672225038887e-05,True
1.0289735040048127e-06,1.5534594249252046e-06,1.1336780409658835,1.763077886915773e-13,0.012467795936283221,589,9.219777e-10,1.219658e-09,2.564548e-09,1.935888e-09,-1.712717e-05,1.941669653288965e-05,True
1.42475217103606e-06,6.590205165113418e-06,1.2037568338805766,1.4305916590507068e-13,0.016487536886112528,590,4.817465e-10,2.083277e-10,4.427068e-10,1.023835e-09,-1.725111e-05,2.076614155452555e-05,True
2.7919453456615755e-06,2.059373626283354e-06,0.9095289598899989,1.6706714586461553e-13,0.0012348761238943906,591,5.19788e-10,1.40936e-09,2.803368e-09,1.033927e-09,-1.24969e-05,1.1366292458849328e-05,True
1.066531134395987e-06,7.158256490530985e-06,1.3125814089075765,2.0273255398861777e-14,-0.0017682859491365902,592,8.403613e-11,1.232907e-11,4.927905e-11,1.616686e-10,-2.730426e-06,3.5839064059978784e-06,True
2.067844327590041e-06,6.526663914827473e-06,0.9651013353287694,1.2883681683763803e-13,0.04813023613804236,593,5.545133e-10,3.513789e-10,6.879356e-10,1.08559e-09,-1.243182e-05,1.1997966082566901e-05,True
2.558314990011338e-06,5.032499978478914e-06,1.667995059373716,2.906625672441249e-14,-0.01020810511744133,594,2.926614e-11,2.974623e-11,6.74342e-11,6.643774e-11,-5.201661e-06,8.676344848536943e-06,True
2.538098020244349e-06,3.3889170977180285e-06,1.463467773147173,1.770500719536201e-13,0.005088786933132319,595,2.263484e-10,3.390289e-10,7.532191e-10,5.028706e-10,-2.602111e-05,3.808105590651764e-05,True
2.026808329170002e-06,4.806502847569193e-06,0.9406713180364678,8.664406954978531e-14,-0.004069319770634801,596,3.344157e-10,2.820426e-10,5.690531e-10,6.747859e-10,-8.151444e-06,7.667829571380456e-06,True
9.567403846038996e-07,6.733808666976703e-06,1.2482494979115812,1.225599024676276e-13,0.04125924244265172,597,6.057126e-10,1.721521e-10,3.641985e-10,1.281396e-09,-1.532405e-05,1.912823771847197e-05,True
1.1893358838430862e-06,7.385287603330617e-06,1.1665771302931116,8.201131872353538e-14,-0.0026204570685767203,598,3.362296e-10,1.08356e-10,2.309951e-10,7.168679e-10,-9.599948e-06,1.1199079788803097e-05,True
5.793093815156918e-07,4.973513605626943e-06,1.350222874516139,4.553744065633756e-14,-0.025797280990541464,599,2.871524e-10,5.461699e-11,1.433475e-10,6.151865e-10,-6.206095e-06,8.379611430420238e-06,True
1.8365281183254481e-06,1.700867508165044e-06,1.2397687324689526,4.902608541459355e-14,0.019538363089732058,600,1.216058e-10,2.625074e-10,5.607438e-10,2.596994e-10,-6.099101e-06,7.5614747159701215e-06,True
2.9564476561410385e-06,1.6350315577443573e-06,1.0923580630405967,1.239139832073291e-13,-0.04859685975618942,601,1.969212e-10,7.582053e-10,1.613777e-09,4.462854e-10,-1.297815e-05,1.417678679585032e-05,True
1.99427749766295e-06,6.993946332444341e-06,1.3781574864988928,1.391244242693592e-13,0.04378392562562354,602,2.720756e-10,1.55169e-10,3.351945e-10,5.877693e-10,-1.924701e-05,2.6525410924219058e-05,True
1.8920940684332376e-06,6.780236667175575e-06,1.0230159884090406,5.0072545925058874e-14,-0.005714997683440477,603,1.691292e-10,9.440757e-11,1.952595e-10,3.49788e-10,-5.131915e-06,5.250031096156182e-06,True
1.5099302151445836e-06,4.134580005102803e-06,1.4736735216651458,7.965143624297635e-14,0.03820312548535425,604,1.795024e-10,1.31136e-10,2.877308e-10,3.939426e-10,-1.182131e-05,1.7420751538395405e-05,True
1.5606693834903662e-06,5.053513580223372e-06,1.3964912149997415,1.965238542735354e-13,-0.002298035487613516,605,4.376399e-10,2.70333e-10,5.975064e-10,9.673088e-10,-2.754449e-05,3.846563830664823e-05,True
7.276773663256166e-07,6.671391781424941e-06,0.9394342238749523,1.618522441436613e-13,0.037771030852913653,606,2.047049e-09,3.967145e-10,8.731254e-10,4.002266e-09,-1.433542e-05,1.3467184161621469e-05,True
6.374606348112569e-07,3.7652455752487293e-06,1.4847033974324977,3.3587317206275195e-14,0.004059396992395568,607,1.764703e-10,4.64349e-11,1.256682e-10,3.708712e-10,-5.063598e-06,7.5179411538324e-06,True
8.887406193621778e-07,4.776357405414814e-06,1.0647970468077301,1.9368741205625123e-13,-0.038314559456908676,608,1.162652e-09,4.284828e-10,9.224845e-10,2.478826e-09,-2.048209e-05,2.1809268944450143e-05,True
2.294235983246639e-06,5.4735353666500994e-06,1.3465401794077203,1.1453304990325515e-14,-0.007044858620038251,609,1.87927e-11,1.572339e-11,3.649799e-11,4.200229e-11,-1.648691e-06,2.2200286749278936e-06,True
2.446023270692803e-06,6.7928488096559854e-06,1.2656723706111057,1.0539949196904606e-13,-0.0088286806993403,610,1.76796e-10,1.273542e-10,2.771297e-10,3.847592e-10,-1.34227e-05,1.698874052900169e-05,True
1.867309031377126e-06,6.808728449287965e-06,1.0424431639542995,3.609988861446323e-14,-0.04597380903125285,611,1.053988e-10,5.784279e-11,1.23201e-10,2.246421e-10,-3.792007e-06,3.952951774816851e-06,True
5.576713506692657e-07,6.735365030454243e-06,1.4031599061243119,4.543781153610607e-14,0.032629805360701966,612,3.102903e-10,3.989115e-11,1.085857e-10,6.543394e-10,-6.416901e-06,9.003938204769003e-06,True
8.328638709466796e-07,4.854146034000145e-06,1.0555723307136056,1.9725241497536118e-13,-0.02033147910642588,613,1.353014e-09,4.540601e-10,9.771047e-10,2.847312e-09,-2.052102e-05,2.1661420910020513e-05,True
1.5380140349496758e-06,1.6024174778835416e-06,1.4293216898899828,1.452794185731757e-14,-0.04456528516433489,614,2.954426e-11,5.618129e-11,1.268409e-10,6.643596e-11,-2.176138e-06,3.1104012435938072e-06,True
8.975296636944412e-07,4.857863582326236e-06,0.9827354682909238,1.5632063639034286e-13,0.04198902030401305,615,1.442541e-09,5.229165e-10,1.054417e-09,2.853417e-09,-1.513591e-05,1.4874595601859277e-05,True
3.2381883210005417e-06,5.669290728360619e-06,1.5960581830927247,1.5749586899859526e-13,0.0007717063649924291,616,1.35316e-10,1.545724e-10,3.488548e-10,3.053957e-10,-2.545168e-05,4.0622362137457444e-05,True
7.987207842373061e-07,5.75368812333128e-06,1.784564106548669,1.5677703210948737e-13,0.03941618541487013,617,4.911553e-10,1.236265e-10,3.027484e-10,1.09013e-09,-2.817071e-05,5.0272437921991654e-05,True
7.57247078836429e-07,6.376801942610432e-06,0.9561091633336427,6.912519385571509e-14,0.039491201043481736,618,8.061078e-10,1.914446e-10,3.760554e-10,1.583227e-09,-6.608761e-06,6.318696950382008e-06,True
3.5568761431128334e-06,4.811220838940494e-06,1.6283879036330713,4.3923233700194867e-14,0.0163378055104072,619,3.419108e-11,5.039038e-11,1.134236e-10,7.684304e-11,-7.456651e-06,1.2142320290013444e-05,True
2.0796525339636743e-06,4.761081983771395e-06,1.7051410005501413,1.6214036687918783e-13,-0.04829222109298751,620,1.821708e-10,1.591657e-10,3.682533e-10,4.214827e-10,-2.808575e-05,4.7890163856201133e-05,True
2.4747195744270014e-06,6.694705916125309e-06,1.6617395974623288,7.197389818878281e-14,-0.029764081724327394,621,7.258189e-11,5.365951e-11,1.22992e-10,1.663917e-10,-1.241475e-05,2.0630081667595447e-05,True
2.1857356963946276e-06,3.90123486703523e-06,0.970198835630391,1.0201151430795036e-13,0.017315624603862476,622,3.652818e-10,4.093169e-10,8.207679e-10,7.324514e-10,-9.88796e-06,9.59328727875988e-06,True
1.6333579515379476e-06,5.695232274806412e-06,1.1997828897052543,6.990036851867122e-14,-0.014842024660098173,623,1.917051e-10,1.100119e-10,2.375159e-10,4.139237e-10,-8.432642e-06,1.0117339586609893e-05,True
6.130769720266678e-07,6.940398010838668e-06,1.3989906533320693,7.996924702518077e-14,-0.0264186479495817,624,4.421274e-10,6.641025e-11,1.705123e-10,9.651537e-10,-1.126631e-05,1.5761462387541627e-05,True
2.0120323105556173e-06,6.260271484720987e-06,1.7636974727890866,5.61173662735956e-14,-0.006002316049626359,625,6.555098e-11,4.229473e-11,9.655746e-11,1.503384e-10,-1.034756e-05,1.824996542153344e-05,True
2.2051427416692558e-06,7.935064114595722e-06,1.1966947694049854,1.2765177376434626e-13,-0.0005713393577940762,626,2.696187e-10,1.498901e-10,3.210363e-10,5.774851e-10,-1.532583e-05,1.8340340597790007e-05,True
2.9482961279328846e-06,1.4125173919213505e-06,1.6739724723574487,9.232868091578145e-14,-0.009693805815762853,627,6.950979e-11,3.414938e-10,7.559681e-10,1.811454e-10,-1.561985e-05,2.6147198922352493e-05,True
9.922953913426711e-07,7.840940959584035e-06,1.041214461316366,8.037112952736493e-14,-0.008339034636527673,628,4.936764e-10,1.249715e-10,2.600815e-10,1.027527e-09,-8.380202e-06,8.725587511152335e-06,True
1.5946216064218298e-06,6.355613727906833e-06,1.1856700970119614,9.238282966123892e-14,0.04755860215013062,629,3.107308e-10,1.55941e-10,3.245486e-10,6.467736e-10,-1.0968e-05,1.3004429624027193e-05,True
2.0973439286048822e-06,3.5728640250236894e-06,1.6630538804074888,1.5246739256936759e-13,-0.024591660578804426,630,1.823466e-10,2.140554e-10,4.901007e-10,4.174499e-10,-2.56494e-05,4.265633420012384e-05,True
1.7921912796427474e-06,5.347531776632059e-06,1.6873531680662448,1.5397819980796933e-13,0.006908934655063835,631,2.203301e-10,1.477143e-10,3.35317e-10,5.002545e-10,-2.627278e-05,4.4331458566907475e-05,True
1.4405452527335452e-06,1.1203698109210707e-06,1.2532552925671503,1.2604101402509054e-13,0.019381650991645932,632,3.897452e-10,1.002205e-09,2.146182e-09,8.34621e-10,-1.428932e-05,1.7908165917185632e-05,True
2.96089525568739e-06,2.3445507183306102e-06,1.0816073205315966,1.4439371608964637e-13,0.04787858127623286,633,3.23521e-10,8.171148e-10,1.657912e-09,6.564473e-10,-1.488186e-05,1.6096328719126344e-05,True
2.586357769421466e-06,3.2669468393735553e-06,1.4512697613682581,6.791800700566449e-14,0.00041155136055490843,634,8.577813e-11,1.357787e-10,3.018094e-10,1.90659e-10,-9.987439e-06,1.4494468214210035e-05,True
3.0264760668010487e-06,1.0597054150256942e-06,1.4734538657846077,4.6842569240796987e-14,-0.0012280800229154815,635,3.92654e-11,2.903725e-10,6.251841e-10,1.097015e-10,-6.972887e-06,1.0274227305829236e-05,True
3.751493203481339e-06,1.8557352227708596e-06,1.2371667879208454,3.024232194634773e-14,0.03379219522027253,636,2.935161e-11,1.642158e-10,3.268479e-10,8.160092e-11,-3.778654e-06,4.674825231844254e-06,True
2.172369978055606e-06,4.181799668565117e-06,1.6134382363640056,1.2382604319409747e-13,0.040457406818165176,637,1.657642e-10,1.722376e-10,3.838476e-10,3.694668e-10,-2.014901e-05,3.250918315888071e-05,True
1.3571116361860666e-06,7.720126437831095e-06,1.552323352485156,9.402456011829599e-14,-0.011291877433279376,638,2.079663e-10,5.967326e-11,1.572292e-10,4.467277e-10,-1.482163e-05,2.3007962370894562e-05,True
8.67725639751147e-07,4.540590046818939e-06,1.0999162673170357,8.349157705879806e-14,-0.03283262631180131,639,4.882862e-10,1.866521e-10,3.99507e-10,1.045182e-09,-9.204685e-06,1.012438276702911e-05,True
3.12532215625381e-06,6.960956405122295e-06,1.3783886632694027,1.4752595489603392e-13,0.02351722898752792,640,1.766529e-10,1.586522e-10,3.458463e-10,3.851662e-10,-2.044922e-05,2.818697302070193e-05,True
1.8341352995963304e-06,3.2497416166104166e-06,1.434119851467869,1.4719276032848555e-13,0.01834515073197658,641,2.76492e-10,3.121021e-10,6.871494e-10,6.087457e-10,-2.11843e-05,3.0380825169450778e-05,True
2.8991218570264883e-06,3.923965070517763e-06,0.9277406296453479,1.9896555803560435e-13,-0.0011770516676854054,642,5.615907e-10,8.29827e-10,1.663817e-09,1.126002e-09,-1.757279e-05,1.6302991259225474e-05,True
1.7249002207092191e-06,4.588826384933694e-06,1.6824723304146434,1.4741243885354934e-13,-0.019584580675311516,643,2.120066e-10,1.594139e-10,3.648491e-10,4.853167e-10,-2.511159e-05,4.224955534771706e-05,True
9.764114860441872e-07,7.925137305201391e-06,0.9314603336820956,7.530678722270647e-14,0.04795875016175549,644,7.576971e-10,1.867038e-10,3.613207e-10,1.465932e-09,-7.014407e-06,6.533641884802027e-06,True
9.179318101989217e-07,4.66929287966055e-06,1.7386733077332988,9.758307011194892e-14,0.004629217048144299,645,2.690334e-10,9.190974e-11,2.324781e-10,5.910927e-10,-1.719295e-05,2.989292324619322e-05,True
7.683067591470718e-07,4.522718007953974e-06,1.4349843116490404,3.8730784818803434e-14,0.029117515786169723,646,1.870572e-10,5.019363e-11,1.319143e-10,3.8808e-10,-5.620318e-06,8.065068156478711e-06,True
2.3580890724276827e-06,5.91418060293249e-06,1.7565251637049657,1.5735816468211157e-13,0.04821590614384168,647,1.700318e-10,1.355828e-10,3.055927e-10,3.831462e-10,-2.795843e-05,4.9109685832683824e-05,True
1.9777630964020703e-06,5.868933940052754e-06,1.2347992963457186,7.968314383619552e-14,-0.01594408424826748,648,1.704527e-10,1.148785e-10,2.496903e-10,3.703534e-10,-9.90315e-06,1.2228402651606104e-05,True
2.0092455151148337e-06,1.8889542203248528e-06,1.0484478805616129,1.3429096065415237e-13,0.03538047172706919,649,4.594575e-10,9.774144e-10,1.981129e-09,9.312879e-10,-1.291995e-05,1.354589419446201e-05,True
3.972127920193711e-06,6.237734899202431e-06,1.4724935151627636,1.9550624465400841e-13,-0.037871409787786414,650,1.468213e-10,1.869662e-10,4.228192e-10,3.320272e-10,-2.911974e-05,4.287862831322573e-05,True
2.5859717429615197e-06,7.749678810886771e-06,1.1655443178852263,1.9829753957761094e-13,0.03351160077497811,651,4.113221e-10,2.745081e-10,5.734391e-10,8.592087e-10,-2.313319e-05,2.6962758159059337e-05,True
2.130583974965918e-06,4.343789501552006e-06,1.069647122855818,1.327535846077182e-13,0.03232141737062165,652,4.044236e-10,3.967348e-10,8.104271e-10,8.261192e-10,-1.419014e-05,1.5178442423921256e-05,True
2.0610754191275474e-06,1.9573186775847693e-06,1.6029698195204931,8.108877145994392e-14,0.02876128589227528,653,1.135909e-10,2.391508e-10,5.346755e-10,2.538938e-10,-1.312667e-05,2.1041655840805072e-05,True
1.5839128260901717e-06,4.5662107018332595e-06,1.5457015250547035,1.447478091579873e-13,0.013539599296982743,654,2.737916e-10,1.899773e-10,4.24548e-10,6.118698e-10,-2.252606e-05,3.481856529547376e-05,True
6.165918065937123e-07,7.187974225250715e-06,1.5225097938083456,8.950849771214456e-14,-0.006094844637127214,655,4.419032e-10,6.414983e-11,1.6658e-10,9.700178e-10,-1.373286e-05,2.0908413846998876e-05,True
2.7552156427321377e-06,1.1424811267106352e-06,1.6128552947780814,3.4077028164578716e-14,-0.014289746926309278,656,2.323186e-11,1.694731e-10,3.622597e-10,7.548774e-11,-5.626815e-06,9.07523836548673e-06,True
3.933995574919621e-06,4.730281340979345e-06,0.9328809487619933,2.6162605985893548e-14,0.03248546954476568,657,6.112393e-11,1.016436e-10,1.992052e-10,1.19907e-10,-2.440663e-06,2.276848015048293e-06,True
2.410986723844653e-06,7.875064811684599e-06,1.5121596957022367,1.831042800031501e-13,-0.02701652258737588,658,2.208394e-10,1.352267e-10,3.057902e-10,4.993201e-10,-2.799878e-05,4.233862664483387e-05,True
2.0340732355188396e-06,7.228620339608612e-06,1.7161073485701297,1.5470518936679112e-13,-0.005420448733862035,659,1.865797e-10,1.050112e-10,2.400225e-10,4.263402e-10,-2.698274e-05,4.630527839855718e-05,True
1.8607820763759723e-06,2.980497920911702e-06,0.9773208226260913,1.6030089269478456e-13,0.021367351069235124,660,6.71619e-10,8.385919e-10,1.680452e-09,1.345843e-09,-1.488737e-05,1.4549736695138993e-05,True
1.9491289345308604e-06,1.5118368945337856e-06,1.4793308895069066,1.3451627271724067e-13,0.01423825638935547,661,2.133516e-10,5.858457e-10,1.277092e-09,4.953388e-10,-1.962617e-05,2.9033599523713766e-05,True
3.701736747623385e-06,6.235547494707071e-06,1.7607637107927288,1.897005138780521e-14,0.02187440092937093,662,1.304942e-11,1.518555e-11,3.65245e-11,3.164662e-11,-3.833721e-06,6.750276814104011e-06,True
2.589377226497912e-06,5.847646787036349e-06,1.5323446938158238,7.087335173280079e-14,0.020660239707312747,663,8.426832e-11,7.463165e-11,1.661829e-10,1.875018e-10,-1.105473e-05,1.69396568570666e-05,True
8.955344284961227e-07,3.3112656570776782e-06,1.3066137681884573,8.749878565003294e-14,-0.005290768366594208,664,3.806731e-10,2.059194e-10,4.501882e-10,8.321872e-10,-1.14758e-05,1.4994438280977097e-05,True
2.8866122967615984e-06,5.569395417431094e-06,1.006142325278666,1.7672614729824326e-13,0.04851107738622912,665,4.880609e-10,5.059201e-10,1.003669e-09,9.682322e-10,-1.771076e-05,1.781954524885239e-05,True
3.7579671220186676e-06,6.0037355197501895e-06,1.153118966718771,1.8989750913671234e-13,-0.014796374713525198,666,2.445917e-10,3.061959e-10,6.555215e-10,5.236707e-10,-2.1943e-05,2.530288948670999e-05,True
2.4166768771720324e-06,2.3736569739668164e-06,1.0084064484847914,1.912378989393727e-13,-0.041916292440815496,667,4.670428e-10,9.509966e-10,2.006704e-09,9.855208e-10,-1.770403e-05,1.7852858016168204e-05,True
1.9330855796830678e-06,7.392371335321077e-06,1.063731935853856,3.2248711305137015e-14,-0.0007750722389068682,668,9.929737e-11,5.193647e-11,1.083369e-10,2.067673e-10,-3.445002e-06,3.6645586464804055e-06,True
1.8641481792585225e-06,2.8015012756837807e-06,1.0537251150014502,1.1527061583356278e-13,-0.010706642811335612,669,3.646502e-10,4.852788e-10,1.014681e-09,7.624278e-10,-1.209594e-05,1.274579576755064e-05,True
2.693903238701654e-06,3.84222872744335e-06,1.3547786257254097,6.300051131994687e-14,0.027920860449615073,670,9.129631e-11,1.279636e-10,2.774264e-10,1.978197e-10,-8.60177e-06,1.165349413940606e-05,True
1.1514780713510957e-06,1.278914360020066e-06,0.9217550321001212,1.404245348424792e-13,-0.024976768254343057,671,9.287816e-10,1.67086e-09,3.406925e-09,1.891995e-09,-1.000388e-05,9.221126730525761e-06,True
3.940082426582029e-06,2.3490921789674136e-06,1.4964765720597195,1.2749121162773808e-13,0.03988739875376514,672,9.743651e-11,3.702133e-10,7.923061e-10,2.362684e-10,-1.916806e-05,2.868455272183503e-05,True
2.655574412885203e-06,2.8335423286049665e-06,1.6177715619298323,1.9127180087583584e-13,-0.02424977662080396,673,1.887652e-10,3.537448e-10,8.068043e-10,4.304787e-10,-3.11678e-05,5.042238048791663e-05,True
3.6394608862098836e-06,4.347728612733942e-06,1.0975619527103382,1.1974788500645686e-13,-0.02329087117307831,674,1.720295e-10,2.879672e-10,6.126917e-10,3.660242e-10,-1.317435e-05,1.4459665311689445e-05,True
2.5606815583619653e-06,2.0202767454080664e-06,1.586457790985294,7.538540884248343e-14,0.026213798685851664,675,7.617991e-11,2.283582e-10,4.87808e-10,1.925493e-10,-1.210107e-05,1.919783678075841e-05,True
9.787212899119744e-07,5.685394875969252e-06,1.6788060819121768,6.389648885968039e-14,0.028241514684069796,676,1.841831e-10,5.001425e-11,1.351894e-10,3.923845e-10,-1.09095e-05,1.8314934950620892e-05,True
3.27028925570564e-06,5.932816355466923e-06,1.6586219497979195,9.879007769669309e-14,0.046864096378186615,677,8.463926e-11,9.333085e-11,2.084421e-10,1.890228e-10,-1.66623e-05,2.7636456514117877e-05,True
6.575836157425453e-07,2.6483240546465317e-06,1.4424675001524783,1.696791657084464e-13,0.04903218871371917,678,9.320931e-10,4.617501e-10,1.007099e-09,2.027945e-09,-2.435359e-05,3.5129262087038394e-05,True
3.88213625346042e-06,6.067558625034552e-06,1.669199465643688,7.288700079501102e-14,0.03696638111349104,679,5.130172e-11,6.561688e-11,1.473116e-10,1.149333e-10,-1.25099e-05,2.088151839525597e-05,True
2.3599849000993435e-06,4.359152147068339e-06,0.956488476069218,5.999897424519877e-14,0.030964049812318636,680,2.170851e-10,2.350449e-10,4.646574e-10,4.291379e-10,-5.738824e-06,5.4891190221894544e-06,True
5.286836297076811e-07,6.0859887167493e-06,1.028432147179331,3.166533766012557e-14,-0.0205979994598718,681,3.714405e-10,5.282645e-11,1.314e-10,7.558754e-10,-3.265605e-06,3.3584531619895593e-06,True
3.166994767189588e-06,2.7796639840674006e-06,1.1485973549437327,7.575521110710869e-14,0.03158656818118101,682,1.31834e-10,3.00324e-10,6.256424e-10,2.746872e-10,-8.713752e-06,1.000859249883566e-05,True
1.1647105991786662e-06,1.5188893075805486e-06,1.7620429792343288,1.987249694167126e-13,0.045793871977076434,683,4.3089e-10,6.608094e-10,1.491285e-09,9.72386e-10,-3.400627e-05,5.992050930344697e-05,True
3.020827919686304e-06,3.0788326603379326e-06,1.649551261234294,1.6329109811259455e-13,-0.0018001805163231493,684,1.419974e-10,2.78559e-10,6.322394e-10,3.222721e-10,-2.721258e-05,4.488854566043912e-05,True
2.233823144457888e-06,4.92522818038404e-06,0.9414401628116097,1.5062930194436768e-13,-0.04362558374564876,685,4.586578e-10,4.160431e-10,8.640387e-10,9.525271e-10,-1.41653e-05,1.3335782338275294e-05,True
9.82420951728941e-07,6.0404085313401984e-06,1.1163478712693296,1.682715318651872e-13,-0.031379896196923565,686,8.473278e-10,2.75378e-10,5.913969e-10,1.818062e-09,-1.880458e-05,2.0992452853113812e-05,True
1.8703937298765452e-06,3.1060973240693142e-06,1.2806258416084046,4.8442240004827223e-14,0.041615531683503154,687,1.163175e-10,1.400858e-10,2.979943e-10,2.475466e-10,-6.229154e-06,7.97721558375836e-06,True
2.4427431548922746e-06,7.686108977755016e-06,1.4916545567008024,6.081284189653178e-14,-0.015647863364406614,688,7.547996e-11,4.804136e-11,1.078789e-10,1.695154e-10,-9.333228e-06,1.3921952074927517e-05,True
1.8202740622196864e-06,6.1191202678711415e-06,1.5252465318011588,7.587389731059271e-14,0.03751517286131924,689,1.331568e-10,7.928602e-11,1.751272e-10,2.941974e-10,-1.17156e-05,1.7869178267969655e-05,True
5.848645898570887e-07,1.4805809327816464e-06,1.404363797906825,8.679749483099223e-14,0.0029759307898893153,690,5.157476e-10,4.074789e-10,8.995498e-10,1.138586e-09,-1.218902e-05,1.711781841996225e-05,True
7.291167256818991e-07,6.703073614273276e-06,1.256917675255737,1.382261652645054e-13,-0.024491733661868572,691,7.714318e-10,1.555918e-10,3.627528e-10,1.66745e-09,-1.741708e-05,2.189183570334319e-05,True
8.822597704389329e-07,4.685036869830615e-06,1.7943109119932452,1.110931870467441e-13,0.012082306532938313,692,3.04868e-10,1.011279e-10,2.539421e-10,6.742817e-10,-2.017495e-05,3.620013293391812e-05,True
3.192654582685098e-06,5.867069932393089e-06,1.4694036867820606,4.7042827575999856e-14,0.00015932095306866317,693,4.715934e-11,5.128306e-11,1.141371e-10,1.048875e-10,-7.117208e-06,1.0458051674794776e-05,True
2.0321768891404056e-06,6.110786604410154e-06,1.3160657839853802,6.60382710870559e-14,0.046650032375750175,694,1.396829e-10,9.293107e-11,1.984433e-10,2.982529e-10,-8.735706e-06,1.149676376555579e-05,True
1.2775210134811246e-06,7.691000548029161e-06,1.2215176459000563,5.729766533916782e-14,-0.02105548838159743,695,2.014108e-10,5.362473e-11,1.384227e-10,4.160865e-10,-7.064142e-06,8.628974106143715e-06,True
9.286494889940744e-07,2.0299235217248407e-06,1.000110376438344,5.691693133426906e-14,-0.03525138495200953,696,3.755902e-10,3.436548e-10,7.205727e-10,7.875331e-10,-5.695583e-06,5.696211658165833e-06,True
9.337068778135573e-07,6.16816920788288e-06,1.31307616568339,3.1393144350645796e-14,0.04089798059680286,697,1.433256e-10,4.350193e-11,9.314307e-11,3.06736e-10,-4.159975e-06,5.46236402233876e-06,True
2.3520322845502257e-06,7.849737412201379e-06,1.7520086668849648,4.152855657912623e-14,-0.04655622847146504,698,3.994884e-11,2.402781e-11,5.605753e-11,9.241166e-11,-7.960737e-06,1.3947280218791813e-05,True
1.805223164987846e-06,4.320777469748295e-06,1.5653892656794444,1.0869027531478371e-13,0.012317385394562397,699,1.762121e-10,1.472684e-10,3.299391e-10,3.948259e-10,-1.718359e-05,2.689900733183664e-05,True
3.52537180873738e-06,3.8050934851412938e-06,1.7478182716641046,1.4491079520614723e-13,-0.013294067552541457,700,9.699706e-11,1.796643e-10,4.12504e-10,2.226991e-10,-2.580452e-05,4.5101611547521825e-05,True
1.506263710336434e-06,6.2040406147844495e-06,1.4212816574069267,1.481720097580922e-14,-0.0357400940576522,701,3.148074e-11,1.549507e-11,3.678072e-11,7.036308e-11,-2.282885e-06,3.2446225764694117e-06,True
3.048798658071542e-06,5.376217840664508e-06,1.6264709988030848,1.621092815852055e-13,0.035470525981605466,702,1.513346e-10,1.716249e-10,3.836702e-10,3.383056e-10,-2.661675e-05,4.329137195739201e-05,True
3.1433673589206827e-06,7.015741737225995e-06,1.223900576227301,1.9995829613261476e-13,0.011185901734820577,703,2.914142e-10,2.611395e-10,5.586441e-10,6.234087e-10,-2.452565e-05,3.0016957167349106e-05,True
3.2580281514493837e-06,1.8862330490272e-06,1.2960832972593093,1.4460860927838055e-13,-0.037396819399906425,704,1.542969e-10,5.774813e-10,1.257245e-09,3.639672e-10,-1.851147e-05,2.3992407074716783e-05,True
2.1922492152348728e-06,2.9587687472469175e-06,1.778694040414613,1.661595918084247e-13,0.021639520805402684,705,1.823327e-10,2.701627e-10,6.151756e-10,4.151823e-10,-2.982908e-05,5.305680682705073e-05,True
9.386052952764615e-07,6.769485852650964e-06,1.6190440072272563,3.010557023040361e-14,-0.01760088655709676,706,9.480603e-11,1.374683e-11,5.406049e-11,1.930703e-10,-5.082421e-06,8.22866326225596e-06,True
1.5291422716101098e-06,3.9440837945224545e-06,1.6882033622754642,6.763011687054753e-14,0.04350778254312042,707,1.196537e-10,9.279266e-11,2.080401e-10,2.683451e-10,-1.159315e-05,1.9571594809363797e-05,True
1.4300627322752025e-06,4.464843633760385e-06,1.1050058044108793,1.536083643948031e-13,-0.03151905237549785,708,5.419956e-10,3.472042e-10,7.433886e-10,1.160441e-09,-1.698834e-05,1.8772214307305516e-05,True
3.483682508185284e-06,1.6424503957579277e-06,1.2831053494711915,1.9971198390977583e-13,-0.0021151051866436024,709,2.226011e-10,9.965911e-10,2.145946e-09,5.059281e-10,-2.320179e-05,2.9770340866307197e-05,True
3.6964706880065265e-06,2.141825339580116e-06,1.428947476363596,1.765339799973209e-13,-0.01198932519444245,710,1.466622e-10,5.506222e-10,1.204555e-09,3.490555e-10,-2.500079e-05,3.572481577759623e-05,True
1.8011737654270726e-06,4.1293702981950686e-06,1.199118716720288,4.764151142937451e-14,-0.018814579941480766,711,1.17547e-10,1.025581e-10,2.218609e-10,2.54272e-10,-5.754834e-06,6.900729161018282e-06,True
8.503994774791325e-07,5.848907586931543e-06,0.991640378740165,1.9415188972539776e-13,-0.0198525824254617,712,1.495755e-09,4.200879e-10,9.00703e-10,3.097332e-09,-1.888684e-05,1.8728953170804896e-05,True
2.253936673790162e-06,5.068272037625005e-06,1.288753163113173,9.364892022269123e-14,-0.04052912933488424,713,1.543533e-10,1.37314e-10,3.043321e-10,3.42126e-10,-1.218086e-05,1.5698121854438724e-05,True
1.8932770443636358e-06,3.988585640663916e-06,1.7079368351310569,2.7862991348135707e-14,-0.00471068831825449,714,3.660064e-11,3.468659e-11,7.899487e-11,8.346829e-11,-5.050267e-06,8.625537036546817e-06,True
1.4077688921143729e-06,2.1261216195209477e-06,1.6765819281633219,3.955119883182849e-14,0.044124955126955384,715,7.700674e-11,1.019478e-10,2.283258e-10,1.72445e-10,-6.750004e-06,1.1316934721430134e-05,True
3.3204105373907228e-06,7.682359631244677e-06,1.101040494102215,1.7796069452699245e-13,-0.04550700415706696,716,2.626641e-10,2.270609e-10,4.896369e-10,5.664674e-10,-1.96549e-05,2.1640840807529625e-05,True
3.3953026847954054e-06,7.62141965451448e-06,1.0047323158937296,1.6461049736035078e-13,0.030453622862271837,717,3.640574e-10,3.243724e-10,6.513403e-10,7.310337e-10,-1.653816e-05,1.6616423797421044e-05,True
1.3304584838109837e-06,4.529645519488797e-06,1.0279246208044117,1.651586758101747e-13,-0.024087300932537744,718,7.420779e-10,4.358602e-10,9.136217e-10,1.555198e-09,-1.694283e-05,1.741595210310361e-05,True
3.3529656700038507e-06,3.662136480378221e-06,1.6604372854465312,1.0684800540724975e-13,0.03000893710390483,719,8.688087e-11,1.590232e-10,3.573758e-10,1.952347e-10,-1.800509e-05,2.9896322763820485e-05,True
3.4554214898439297e-06,2.8559176395740124e-06,1.0171399653380053,3.193335532508065e-14,-0.04159182657106849,720,5.367169e-11,1.29822e-10,2.744489e-10,1.134275e-10,-3.267706e-06,3.3237143675747916e-06,True
5.252716742113349e-07,1.5730808643142681e-06,1.5969224379713571,1.6441077475956165e-13,-0.010041357253635627,721,8.554369e-10,5.701323e-10,1.294286e-09,1.938056e-09,-2.581258e-05,4.1220688183930694e-05,True
3.863212159495867e-06,1.3018088551595268e-06,1.701005705637702,3.581686988960683e-14,-0.0025706191714861618,722,1.341981e-11,1.474669e-10,3.134333e-10,5.342845e-11,-6.281116e-06,1.068421415377226e-05,True
3.2120919041125186e-06,4.22088672685709e-06,0.9841119188502342,4.326437422609714e-14,-0.01908473330670342,723,9.005961e-11,1.369998e-10,2.830211e-10,1.859535e-10,-4.266027e-06,4.198248016836908e-06,True
3.0387138857902077e-06,7.0640863072239956e-06,1.4722307518421722,1.8782248363213582e-13,-0.008320212499705888,724,1.938993e-10,1.668368e-10,3.729405e-10,4.335365e-10,-2.789117e-05,4.1062238178857836e-05,True
2.1266867880006482e-06,7.712674283610021e-06,1.4127696049483571,8.99697691180998e-14,0.033801326224974004,725,1.543107e-10,8.511564e-11,1.856868e-10,3.365408e-10,-1.281988e-05,1.8111536803085344e-05,True
2.7666505839914886e-06,1.30899352178134e-06,1.1904707658119378,6.589079854611942e-14,-0.010299103555070216,726,9.953464e-11,4.727271e-10,9.950992e-10,2.354938e-10,-7.831479e-06,9.323146802570109e-06,True
3.7779172623283714e-06,1.4167494505407358e-06,1.299701102418075,3.774470448520208e-14,0.03505651478124741,727,3.303205e-11,2.388011e-10,4.900167e-10,9.222863e-11,-4.935608e-06,6.41481515870347e-06,True
3.1830680941040853e-06,3.176364224428158e-06,0.9745037366880439,1.4096365844170059e-13,0.020359064540082517,728,3.465332e-10,6.945132e-10,1.391494e-09,6.943016e-10,-1.341356e-05,1.3071564342289279e-05,True
3.2200451141151893e-06,2.773337021024234e-06,1.5879831728354128,1.0815628532730355e-13,-0.04498551236445165,729,7.794767e-11,2.140444e-10,4.674828e-10,2.01417e-10,-1.748169e-05,2.776062955272511e-05,True
2.036964999080502e-06,6.710044154254209e-06,1.0865216739375045,4.935142221272805e-14,0.021591113171582924,730,1.468712e-10,8.922307e-11,1.843044e-10,3.033782e-10,-5.372135e-06,5.836941112818256e-06,True
8.657328396918785e-07,1.2726326343890324e-06,1.706220621475571,2.106212005953261e-14,0.047673257991493134,731,6.504837e-11,8.853877e-11,1.984975e-10,1.460475e-10,-3.67106e-06,6.26363827467411e-06,True
1.739988372860444e-06,5.232532828713719e-06,1.2672241188528304,3.644827562308918e-14,-0.016889743523437535,732,8.42928e-11,5.607974e-11,1.225343e-10,1.842666e-10,-4.687928e-06,5.940655429045512e-06,True
3.4644381378917334e-06,3.7457788776609027e-06,1.6461947515224065,1.423108741189463e-13,0.03635821188415128,733,1.146875e-10,2.121198e-10,4.750043e-10,2.568887e-10,-2.367361e-05,3.897137253158836e-05,True
3.15193337226234e-06,4.209344293199118e-06,1.3377535550738804,6.150459693415328e-14,0.011113869683048193,734,7.532435e-11,1.128124e-10,2.458643e-10,1.642685e-10,-8.31338e-06,1.1121253649680094e-05,True
2.5192650496478853e-06,4.259609454233818e-06,0.9135530829542798,1.7305680579549522e-13,-0.04878750370158926,735,4.907953e-10,5.805394e-10,1.200674e-09,1.015075e-09,-1.56244e-05,1.427371878931085e-05,True
9.021526921111093e-07,3.4904078003048065e-06,1.2216380092860095,5.850013288863844e-14,0.013146297327573692,736,2.995541e-10,1.548571e-10,3.308521e-10,6.39899e-10,-7.167043e-06,8.75553214298723e-06,True
3.926683687840882e-06,7.284148584851375e-06,1.5204940862964647,1.3468366234207414e-13,-0.005131591573720472,737,1.025045e-10,1.105199e-10,2.480239e-10,2.300629e-10,-2.079799e-05,3.162322080185301e-05,True
3.661951282165593e-06,2.9641240761509665e-06,1.3508981072415982,8.058276954044277e-14,0.0053278294849455,738,8.247968e-11,2.036449e-10,4.458386e-10,1.805121e-10,-1.098192e-05,1.4835454941878653e-05,True
3.2100675499558266e-06,4.892033612233388e-06,1.5250565976404178,1.665452062725284e-13,0.019647371892241056,739,1.607581e-10,2.10942e-10,4.692655e-10,3.576064e-10,-2.559462e-05,3.903324409509939e-05,True
3.5045298789760156e-06,3.7986663850036347e-06,1.3677407469712008,6.030776819197802e-14,0.024432174482612007,740,6.549499e-11,1.208356e-10,2.62853e-10,1.424113e-10,-8.33599e-06,1.1401473189344461e-05,True
3.438625067692636e-06,5.675491165421746e-06,1.1255611171166726,1.1260620708131814e-13,-0.036489806370106244,741,1.574092e-10,1.907288e-10,4.111223e-10,3.393163e-10,-1.272932e-05,1.4327627639335604e-05,True
2.175456226314896e-06,2.5804337374039007e-06,0.9956162542904978,2.5749539810833267e-14,0.046127333933845854,742,9.619758e-11,1.621712e-10,3.212104e-10,1.906677e-10,-2.563674e-06,2.5524355051019377e-06,True
3.241501145157743e-06,4.871271956699537e-06,1.114123630163916,1.1940252826815997e-13,0.0117869429781286,743,2.053781e-10,2.733269e-10,5.716313e-10,4.295858e-10,-1.332089e-05,1.4841118323814206e-05,True
7.419364708482908e-07,3.4058722955225777e-06,1.3594132008969337,7.696417750080334e-14,-0.024165731289167977,744,3.62578e-10,1.580113e-10,3.508584e-10,8.051469e-10,-1.052833e-05,1.4312350785399213e-05,True
7.457402994576327e-07,1.6018039983300353e-06,1.1148014945054143,1.139387646250623e-13,-0.04432820194358824,745,7.332659e-10,6.825866e-10,1.475285e-09,1.584407e-09,-1.232287e-05,1.3737553892595936e-05,True
7.169831000946332e-07,7.831731729523134e-06,1.798740514969161,9.335771961842007e-14,0.0336391985173404,746,3.226461e-10,4.732884e-11,1.302707e-10,7.104538e-10,-1.700071e-05,3.057986586024136e-05,True
1.3753584336612124e-06,5.780091733968583e-06,1.4909473127667727,1.571408513203354e-13,-0.009222097546898636,747,3.502747e-10,1.667227e-10,3.735971e-10,7.849966e-10,-2.359634e-05,3.518089971413111e-05,True
1.6819428415938804e-06,3.969148865669536e-06,1.553949830286537,1.9025599456737796e-13,0.018234893486948428,748,3.384382e-10,2.868336e-10,6.404695e-10,7.557155e-10,-2.970121e-05,4.61541902388048e-05,True
2.5804798332549613e-06,4.445410738823438e-06,1.4986340998275396,1.4582308696182576e-13,0.009105604216942974,749,1.772299e-10,2.057336e-10,4.582199e-10,3.947152e-10,-2.201874e-05,3.299803459923664e-05,True
2.9745509680476463e-06,3.864450830031994e-06,1.5688780892149428,1.2427089007610068e-13,-0.04970508818216231,750,1.106447e-10,1.702652e-10,3.900412e-10,2.533288e-10,-1.983525e-05,3.1119089119100694e-05,True
1.5816813498430676e-06,2.7977168224367375e-06,1.3824527369317297,1.0117987795914101e-13,0.02073346668254325,751,2.367653e-10,2.677069e-10,5.847036e-10,5.171118e-10,-1.404095e-05,1.941094975662157e-05,True
1.5289670010165817e-06,5.663801499013627e-06,1.3618418131000767,9.318806311360898e-14,-0.006166310266653728,752,2.199066e-10,1.187803e-10,2.616345e-10,4.84647e-10,-1.278876e-05,1.7416268105701737e-05,True
3.4479234772323343e-06,6.499961340875952e-06,0.9421716136486562,6.662629664583038e-14,-0.04167792484677271,753,1.321092e-10,1.40157e-10,2.907484e-10,2.740807e-10,-6.289107e-06,5.925418090599059e-06,True
1.0454456339484935e-06,1.3144887007893322e-06,1.3863538442849368,1.9945338437401483e-13,0.04503303348861397,754,7.374225e-10,1.172644e-09,2.535732e-09,1.594165e-09,-2.391582e-05,3.315578899622658e-05,True
7.550407166710187e-07,1.36442621163648e-06,1.2816354784199024,2.2182859032084105e-14,0.045710226039338595,755,1.329787e-10,1.47169e-10,3.125728e-10,2.824483e-10,-2.853158e-06,3.656708518337572e-06,True
2.1032709683172676e-06,3.890020271929986e-06,1.2748953039928257,7.409925647781356e-14,-0.04554982283639792,756,1.320503e-10,1.427818e-10,3.165179e-10,2.927863e-10,-9.540567e-06,1.2163224065728921e-05,True
7.877416683784066e-07,5.500092197712748e-06,1.6962551619864181,7.666891499891856e-14,-0.0011322090152830894,757,2.546386e-10,6.01638e-11,1.597311e-10,5.573426e-10,-1.319752e-05,2.2386361425418994e-05,True
3.2438606299137675e-06,6.6604918560900296e-06,1.3720826284856307,1.710471332494996e-13,-0.018894927559212155,758,1.832014e-10,1.784671e-10,3.960253e-10,4.06551e-10,-2.364625e-05,3.2444608853828347e-05,True
1.6618074727028014e-06,7.523057290577447e-06,1.7612524513851162,8.227568658752344e-14,0.0385491041577809,759,1.33896e-10,4.592502e-11,1.239643e-10,2.801528e-10,-1.490498e-05,2.625143256284613e-05,True
7.649104159727767e-07,3.632570560640326e-06,0.9265447467617045,5.971737074414749e-14,-0.04795719910284964,760,5.420848e-10,2.283157e-10,4.736915e-10,1.124634e-09,-5.537478e-06,5.13072115120851e-06,True
1.3978343699181727e-06,7.298636975208916e-06,1.5411869533562306,1.9919424340164388e-13,0.0488547323099625,761,4.55545e-10,1.745132e-10,3.846235e-10,1.003945e-09,-3.08405e-05,4.753097623498283e-05,True
3.875229173346564e-06,7.406811447104181e-06,1.4772788529762786,1.4508362277237628e-13,-0.01747300625346762,762,1.149618e-10,1.203417e-10,2.700575e-10,2.581488e-10,-2.173747e-05,3.211230474820627e-05,True
1.9995684176804503e-06,5.175475561077705e-06,1.3355063069794622,2.7292452363739955e-14,0.009054448540212423,763,5.265526e-11,4.084678e-11,8.883323e-11,1.146798e-10,-3.720929e-06,4.969324147322783e-06,True
2.459646095821547e-06,2.098055991464608e-06,1.2015422524741852,1.2264820622649006e-13,0.02990200178367934,764,2.483248e-10,5.821905e-10,1.22781e-09,5.236941e-10,-1.454963e-05,1.748199520286598e-05,True
1.7284907129971228e-06,1.4698834349690963e-06,1.4457442083727159,3.818575286203439e-14,0.016043839866848777,765,7.472834e-11,1.757022e-10,3.87795e-10,1.650287e-10,-5.584445e-06,8.073679015725971e-06,True
5.540721709331906e-07,6.160184041565431e-06,1.4056676758144397,7.328972832833097e-14,0.02561432118114773,766,4.892503e-10,7.626046e-11,1.885108e-10,1.047913e-09,-1.034595e-05,1.4542967490592404e-05,True
7.61689009643667e-07,5.1646965705482284e-06,1.2027835882663436,1.5013781744745043e-13,0.005144901900909715,767,9.213889e-10,2.713086e-10,5.810024e-10,1.969724e-09,-1.806626e-05,2.1729801029352713e-05,True
3.0590999296236358e-06,1.1275514491620975e-06,0.9457740759733226,7.480390189491468e-14,0.0315236791108638,768,2.156227e-10,1.169944e-09,2.303151e-09,4.245304e-10,-6.199392e-06,5.863224240396409e-06,True
2.1669159680924095e-06,2.4363525437294055e-06,1.0623791919242906,1.7231769202161848e-13,0.022735819992693446,769,5.091516e-10,9.056713e-10,1.85785e-09,1.044429e-09,-1.70659e-05,1.813045705146075e-05,True
2.7583247794050813e-06,4.186989430563693e-06,0.9662766830976293,1.5250720911956823e-13,-0.03373641334740965,770,3.668584e-10,4.833533e-10,1.003657e-09,7.617304e-10,-1.467871e-05,1.4183695210952001e-05,True
1.5158350585172655e-06,5.279206008966751e-06,1.5860693709758857,1.3855157256059863e-13,0.030356058565597296,771,2.693357e-10,1.546779e-10,3.449681e-10,6.007342e-10,-2.213922e-05,3.5114338739296754e-05,True
9.844910332108117e-07,3.1482786737323693e-06,1.239445050744099,2.4683844157097665e-14,0.012054541103401671,772,1.122967e-10,7.028567e-11,1.505385e-10,2.407563e-10,-3.082179e-06,3.820191507057397e-06,True
1.092027530405634e-06,4.377897750691411e-06,1.2160809395424597,1.8536440379751616e-13,0.041437490540997254,773,8.482875e-10,4.22916e-10,8.895493e-10,1.783054e-09,-2.249995e-05,2.7361760335658368e-05,True
2.336740965530052e-06,2.7010110600505483e-06,1.5830762948530537,1.8281005055356011e-13,-0.044056894266608776,774,2.059309e-10,3.562867e-10,8.156974e-10,4.714849e-10,-2.914835e-05,4.614406191908001e-05,True
8.696356963980608e-07,7.248494829951505e-06,0.996924472139093,5.280924582223091e-14,0.004759674707584816,775,4.259412e-10,1.022486e-10,2.085781e-10,8.685898e-10,-5.268212e-06,5.252009467216836e-06,True
2.347848222146059e-06,5.202148491019573e-06,1.2857100473143321,5.2198300278566177e-14,0.04332704679034356,776,9.947559e-11,8.980474e-11,1.910861e-10,2.11665e-10,-6.748395e-06,8.676479254745803e-06,True
3.1164613516584633e-06,5.836048899749841e-06,1.3414348874438176,5.6031581995132275e-14,0.005244672103181858,777,6.829064e-11,7.290207e-11,1.59325e-10,1.492447e-10,-7.623983e-06,1.022707677747858e-05,True
1.239062447397831e-06,4.274788280828379e-06,0.982190492428767,1.3797476144144872e-13,0.03986187769725236,778,9.164448e-10,5.309996e-10,1.05231e-09,1.815207e-09,-1.34763e-05,1.3236293733117793e-05,True
3.990206975406527e-06,6.870260907514217e-06,1.7455174321487488,1.4622626548788092e-13,-0.038497823751028476,779,8.379852e-11,9.734343e-11,2.250777e-10,1.938727e-10,-2.628299e-05,4.587741721399125e-05,True
1.5113055833345317e-06,7.258894730688571e-06,1.1804255486730026,1.2836831827329194e-13,-0.005954211083161638,780,4.011781e-10,1.670813e-10,3.578326e-10,8.591596e-10,-1.519322e-05,1.7934465054609637e-05,True
1.4717942560700424e-06,3.655392890898518e-06,1.7960580747823713,1.5421288877324102e-13,-0.019525886093077705,781,2.35076e-10,1.893389e-10,4.370286e-10,5.427182e-10,-2.803715e-05,5.0356349651384564e-05,True
1.8252060843212723e-06,6.3943713883503406e-06,1.7251263727133916,7.942066134750303e-14,-0.042336726000595556,782,1.007794e-10,5.754779e-11,1.329849e-10,2.329733e-10,-1.420197e-05,2.4500192991484406e-05,True
1.017943874518173e-06,5.5219544734908845e-06,0.9734538193312217,1.1473588196742648e-13,-0.011704089391321656,783,7.911192e-10,2.916301e-10,5.97616e-10,1.620896e-09,-1.117087e-05,1.0874326066752564e-05,True
8.764511469745203e-07,4.635260781098052e-06,1.791677930357431,1.0348007471364129e-14,0.03956306802442769,784,3.907315e-11,1.572042e-12,2.840045e-11,6.562151e-11,-2.057138e-06,3.685728754299625e-06,True
1.3018413726420994e-06,5.436398087357809e-06,1.7571579864742746,1.0195952994050349e-13,-0.028095252227718907,785,1.896678e-10,7.608638e-11,1.985528e-10,4.146745e-10,-1.830546e-05,3.2165585235085377e-05,True
1.2273816273700389e-06,3.182332097318729e-06,1.5743022604780759,1.6892424979264795e-13,0.011553371092659748,786,3.984138e-10,3.073358e-10,6.894259e-10,8.937388e-10,-2.670721e-05,4.2045221074062676e-05,True
2.623371180501312e-06,4.881746731620409e-06,1.1928799881216998,6.996213083420662e-14,-0.0429400669571573,787,1.131995e-10,1.216671e-10,2.662172e-10,2.477154e-10,-8.420146e-06,1.0044223660462979e-05,True
2.016632380265677e-06,3.973207889039941e-06,1.561059563377124,2.936654255647253e-14,0.02715629581517552,788,4.3983e-11,4.462166e-11,9.940016e-11,9.779748e-11,-4.732953e-06,7.388421543664449e-06,True
2.1573512578416047e-06,2.0551563552804336e-06,1.40729980912877,7.114048463705586e-14,0.012178783111583838,789,1.162296e-10,2.439346e-10,5.365666e-10,2.556823e-10,-1.008355e-05,1.4190577990340408e-05,True
2.541188895083152e-06,5.453702232611145e-06,1.5402346365971948,1.4868927347107403e-13,0.042974224223486096,790,1.853792e-10,1.727796e-10,3.81527e-10,4.094101e-10,-2.305736e-05,3.55137445004907e-05,True
3.0471790852074757e-06,4.546292393615631e-06,1.641843107475583,1.793554857101574e-13,0.0017148880648025638,791,1.565875e-10,2.098943e-10,4.754642e-10,3.54667e-10,-2.976194e-05,4.8864436054101856e-05,True
3.246970072028652e-06,7.8511306310768e-06,1.5748376100216195,8.968359523237113e-14,-0.013983224812150419,792,7.682261e-11,6.355152e-11,1.437643e-10,1.739023e-10,-1.451214e-05,2.2854263873899146e-05,True
1.3804934958790652e-06,3.0430940255758074e-06,0.9706335593667974,1.480538032064178e-13,-0.02865971484501489,793,7.162949e-10,6.498366e-10,1.346283e-09,1.483846e-09,-1.407523e-05,1.3661890593806328e-05,True
1.3847791091203352e-06,3.841595914625254e-06,1.0238813911108071,1.4930634075694e-13,0.04334895842852125,794,8.070409e-10,5.81733e-10,1.164743e-09,1.615555e-09,-1.513632e-05,1.5497796377898333e-05,True
2.9859960071347323e-06,3.725588206911521e-06,1.3099637169371903,1.9910057964146234e-13,-0.023624852057194758,795,2.490434e-10,3.991744e-10,8.804774e-10,5.493093e-10,-2.612315e-05,3.4220378672107764e-05,True
3.2846553608360354e-06,7.137078087569889e-06,1.6221774314872812,8.622953358735394e-14,-0.006485554120582812,796,7.044254e-11,6.477746e-11,1.469898e-10,1.595832e-10,-1.439406e-05,2.3349719279473815e-05,True
7.37420948995465e-07,1.7226123738808543e-06,1.7133936589223107,5.594845969582897e-14,-0.04103403102519171,797,1.777215e-10,1.521749e-10,3.515131e-10,4.104735e-10,-9.739564e-06,1.6687707198268016e-05,True
3.76458006907131e-06,1.933546484845817e-06,1.366704348577971,1.2841205339086363e-14,0.04522174326310263,798,3.907856e-12,6.28658e-11,1.138128e-10,3.247118e-11,-1.805861e-06,2.468078081627363e-06,True
2.653310797842387e-06,2.2575182693253683e-06,1.3702799678779853,1.8082721755222622e-13,-0.01795492939013723,799,2.377422e-10,5.587912e-10,1.239277e-09,5.272213e-10,-2.45008e-05,3.3572955436984943e-05,True
3.202431782804931e-06,1.2975741469446938e-06,1.6334759404488373,1.881458250655814e-13,0.04737800854281164,800,1.591194e-10,8.445235e-10,1.859288e-09,3.767573e-10,-2.880863e-05,4.705820398229259e-05,True
3.02249799079324e-06,6.8504500299346015e-06,0.955004285494529,3.841226967722166e-14,0.023300816834422394,801,1.058775e-10,9.343511e-11,1.856463e-10,2.104746e-10,-3.668501e-06,3.503434176340965e-06,True
9.719754726544638e-07,4.5506199047509865e-06,1.3259111489963495,1.8584676680208822e-13,0.013307430499660641,802,7.535673e-10,3.218107e-10,6.997055e-10,1.637888e-09,-2.467476e-05,3.2716539382809165e-05,True
1.669333355979521e-06,4.284243684822318e-06,1.7146558565046661,2.0150654797930575e-14,-0.013557446840666482,803,2.95914e-11,2.313975e-11,5.302628e-11,6.743266e-11,-3.763608e-06,6.453292498787814e-06,True
2.3314104543892877e-06,1.325638599609667e-06,1.1539382634565107,3.517304295981704e-14,0.008162947776635308,804,7.739472e-11,2.719923e-10,5.749868e-10,1.63641e-10,-4.073621e-06,4.700707142719975e-06,True
2.388052568855424e-06,5.127151360316553e-06,1.4599483857367805,6.332958770690068e-14,0.031046719261928493,805,9.064991e-11,8.440658e-11,1.855123e-10,1.990928e-10,-9.362724e-06,1.3669093789899013e-05,True
2.868622172663592e-06,1.3194283773624782e-06,1.7170791507900613,1.148632809548651e-13,-0.004621859680779314,806,8.831124e-11,4.371496e-10,9.759404e-10,2.24486e-10,-1.980969e-05,3.401480568261437e-05,True
3.101345463226497e-06,1.8690652797294448e-06,1.651465537807711,1.649077303862506e-13,0.0188747801406772,807,1.337685e-10,4.869893e-10,1.075296e-09,3.24089e-10,-2.718863e-05,4.490108546520487e-05,True
3.433942659901095e-06,3.8305999257561834e-06,1.4201154371727918,1.9842048564251076e-13,0.015472178224179428,808,2.015665e-10,3.613386e-10,7.950512e-10,4.434811e-10,-2.826921e-05,4.0145541517679455e-05,True
2.21363635007294e-06,3.802523659395709e-06,1.358635142847517,1.0493026234611752e-13,-0.003508242201883248,809,1.726623e-10,2.010244e-10,4.42325e-10,3.798876e-10,-1.434466e-05,1.9489159188199063e-05,True
2.522535730981598e-06,7.023972870754001e-06,1.1057924874046563,6.423463365216455e-14,-0.006600215952818435,810,1.371739e-10,9.856749e-11,2.07996e-10,2.89477e-10,-7.129798e-06,7.884077065112744e-06,True
6.604023458302489e-07,5.859935086584243e-06,1.6635001197800907,1.01719146581481e-13,-0.044414213658023956,811,3.854697e-10,7.467012e-11,1.951346e-10,8.652136e-10,-1.712988e-05,2.8495557431818577e-05,True
2.1447340169869765e-06,7.028584726089444e-06,1.3281012964188261,8.81164436871259e-14,0.04470297357034707,812,1.72641e-10,1.053746e-10,2.25729e-10,3.697872e-10,-1.175799e-05,1.5615801762279593e-05,True
1.5577283084420336e-06,4.993166896589187e-06,1.26800091604713,3.6090844824616285e-14,-0.04870307833871383,813,8.713389e-11,5.43876e-11,1.207304e-10,1.933084e-10,-4.670497e-06,5.922194474395372e-06,True
1.5175495744163374e-06,3.230973928843596e-06,1.5500569264861748,8.460880894443708e-14,-0.03794902635800274,814,1.53137e-10,1.438525e-10,3.276471e-10,3.488557e-10,-1.330278e-05,2.0620066280521753e-05,True
3.1989722317634147e-06,1.8939088939432707e-06,1.5182946564360855,5.701620044383837e-14,0.027303507333538354,815,4.644996e-11,2.004813e-10,4.221627e-10,1.250018e-10,-8.765506e-06,1.3308620920758447e-05,True
2.6372212131814706e-06,2.0234005809349837e-06,1.0498663989643318,6.283490651529618e-14,-0.031680799442242724,816,1.333044e-10,3.474014e-10,7.352721e-10,2.821733e-10,-6.609352e-06,6.938936583727704e-06,True
3.602643273980523e-06,6.71602625512659e-06,1.5466184586470935,1.6369721230268878e-13,0.011982179278637761,817,1.356706e-10,1.455479e-10,3.254748e-10,3.034448e-10,-2.559674e-05,3.9588390565190406e-05,True
2.0725535994819543e-06,1.2632638021651037e-06,1.3219590426290453,1.8883953655447242e-13,-0.014094949615932446,818,3.313002e-10,1.129825e-09,2.463465e-09,7.507993e-10,-2.182293e-05,2.884901965016067e-05,True
2.2311740450938526e-06,2.889920986267823e-06,1.3491752772041503,6.050370659633638e-14,0.04320831484692997,819,1.101542e-10,1.700251e-10,3.657331e-10,2.369275e-10,-8.20481e-06,1.1069726806157385e-05,True
3.857635143973502e-06,5.411650004653053e-06,1.1881598151272523,1.3066051264352936e-13,0.03343328328354793,820,1.742918e-10,2.484791e-10,5.215894e-10,3.659037e-10,-1.555181e-05,1.8478035694494152e-05,True
2.4990900617743602e-06,7.4481555308242346e-06,1.732168201259379,1.8734527575601504e-13,-0.016935244889689505,821,1.784168e-10,1.197747e-10,2.749475e-10,4.096117e-10,-3.298908e-05,5.7142635364801755e-05,True
6.116800767874744e-07,2.2286200871645843e-06,1.21292544580793,1.3254848111822848e-13,-0.02155296321237354,822,9.358953e-10,5.12473e-10,1.115627e-09,2.032359e-09,-1.593413e-05,1.932691173381151e-05,True
1.7152906594412487e-06,3.7589374573331977e-06,1.3715257311262887,9.647586255255214e-14,0.044616542598647016,823,2.218076e-10,2.024356e-10,4.36683e-10,4.784916e-10,-1.327768e-05,1.8210679769660903e-05,True
3.646971100460585e-06,1.3268937058986288e-06,1.7650948403783902,4.577983649844495e-14,-0.007635868963027745,824,1.968474e-11,1.715339e-10,3.707189e-10,6.767251e-11,-8.311353e-06,1.4670326296863454e-05,True
3.7724988551053083e-06,5.406386165976262e-06,1.0901723448709821,1.8650418583748787e-13,-0.02971931722082529,825,2.575168e-10,3.593686e-10,7.6631e-10,5.491408e-10,-2.035478e-05,2.2190218241932968e-05,True
3.6078817041784325e-06,1.9961172389109567e-06,1.0479356047962922,8.012208311555555e-14,-0.0077025145832980355,826,1.337494e-10,4.833812e-10,1.007364e-09,2.786787e-10,-8.368677e-06,8.76983459333982e-06,True
6.54875675455868e-07,2.728049889997721e-06,1.183861051572157,1.6685683330495607e-13,0.02086673666094542,827,1.279145e-09,6.0413e-10,1.296979e-09,2.701397e-09,-1.92556e-05,2.2795954864652826e-05,True
1.7001153251633965e-06,6.370077371922643e-06,1.5341116786480584,1.4679101987225963e-13,0.01751545142720301,828,2.637843e-10,1.408547e-10,3.138876e-10,5.87927e-10,-2.269754e-05,3.4820561190581454e-05,True
2.2683886982276215e-06,4.03947736720067e-06,1.230786295901014,8.300913873823238e-14,0.015374479228737845,829,1.674495e-10,1.88058e-10,4.019304e-10,3.578913e-10,-1.025074e-05,1.261647031484436e-05,True
5.409175611585926e-07,5.810122611625725e-06,1.1400488179470407,1.1644656942623309e-14,0.010711960627096298,830,1.239674e-10,1.150285e-11,4.622998e-11,2.399027e-10,-1.340346e-06,1.528059872940044e-06,True
2.3769967959952677e-06,1.3864902847346843e-06,1.5444874414817105,1.6054581170561792e-13,0.04890862890032331,831,2.051165e-10,7.475444e-10,1.626036e-09,4.742558e-10,-2.377304e-05,3.671716172584236e-05,True
2.483186757456727e-06,5.119354476556447e-06,1.7438462134173898,1.6145771218540855e-13,-0.03600300978626275,832,1.49339e-10,1.448414e-10,3.34816e-10,3.450973e-10,-2.866138e-05,4.99810389843169e-05,True
3.2496476985974956e-06,2.7159150579654003e-06,1.5240921652760409,1.4544570637605363e-13,-0.008114765040135502,833,1.225416e-10,3.270643e-10,7.127324e-10,2.978751e-10,-2.235152e-05,3.406577651401073e-05,True
6.005895819434622e-07,1.5795533005254375e-06,1.5724024460580535,1.3520125939295143e-13,-0.010483925009524615,834,6.305105e-10,4.794284e-10,1.083973e-09,1.42542e-09,-2.115556e-05,3.3265054291727914e-05,True
1.89719641665944e-06,5.586372661590822e-06,1.5395333843296275,1.1041638659803165e-13,-0.03968164659404523,835,1.611591e-10,1.095096e-10,2.493333e-10,3.669919e-10,-1.727482e-05,2.6595162098285138e-05,True
1.93109733201521e-06,4.932826422047229e-06,1.3601720040923988,1.722065968832495e-13,-0.003546729741503246,836,3.240766e-10,2.537491e-10,5.585034e-10,7.132872e-10,-2.351706e-05,3.1987246630561186e-05,True
2.2763915191760043e-06,2.4876320141314002e-06,1.1702658184819035,6.748436982306488e-14,0.030901191343660275,837,1.565713e-10,2.865092e-10,5.999841e-10,3.279134e-10,-7.910024e-06,9.256830710571499e-06,True
1.603976489332294e-06,7.009251325170722e-06,1.2032836815800452,1.640444146395855e-14,0.020128665654057035,838,4.960213e-11,2.291422e-11,4.878821e-11,1.050526e-10,-2.005078e-06,2.412677637695154e-06,True
3.1506184331391584e-06,4.636068462776423e-06,1.1961957879900202,1.3505976462872936e-13,0.010505820362884721,839,2.05293e-10,2.79033e-10,5.940642e-10,4.370963e-10,-1.619115e-05,1.9367785432714618e-05,True
2.7823772759931187e-06,7.67242323617747e-06,1.3155097031435816,1.8954387070187294e-13,-0.026652904793915855,840,2.510048e-10,1.820702e-10,4.024346e-10,5.547838e-10,-2.508491e-05,3.299944250748346e-05,True
3.717597959111489e-06,4.502975261622025e-06,1.5531148948188211,1.6243208153321127e-13,-0.0014094309930237983,841,1.267617e-10,2.092606e-10,4.706098e-10,2.850865e-10,-2.550038e-05,3.9605020001539966e-05,True
2.6313982799600616e-06,7.161430548591109e-06,1.3135601749989332,1.1219158292677461e-13,-0.0028960531580167898,842,1.653354e-10,1.21549e-10,2.656777e-10,3.613946e-10,-1.484289e-05,1.9497029185889918e-05,True
2.643638082344766e-06,2.6361910025026645e-06,1.0137821902268562,2.7740284824113278e-14,0.04446577384955128,843,8.091264e-11,1.622058e-10,3.234592e-10,1.614323e-10,-2.812487e-06,2.85124923084456e-06,True
1.0717886400220804e-06,4.924512206173386e-06,1.4435532487744147,1.0434057039110427e-13,-0.01895245569005201,844,3.09936e-10,1.349257e-10,3.020089e-10,6.936186e-10,-1.51889e-05,2.192598594030971e-05,True
3.5826652844040664e-06,4.967407868623629e-06,1.417839304829242,1.6435730216934452e-13,0.03893227764806277,845,1.678998e-10,2.42156e-10,5.27267e-10,3.656129e-10,-2.340953e-05,3.3190951741579284e-05,True
3.746539751394174e-06,6.3064705089340154e-06,1.0631355361821913,1.261751462346997e-13,-0.03153345235339999,846,1.836756e-10,2.182351e-10,4.631837e-10,3.898415e-10,-1.344815e-05,1.4297206160908534e-05,True
3.879291263386375e-06,7.3396980005096264e-06,1.6086550425890938,9.500916860993048e-14,0.02479690009024639,847,6.992918e-11,7.386032e-11,1.655005e-10,1.565823e-10,-1.562157e-05,2.512971735365851e-05,True
3.5275043182393545e-06,3.3508703520900815e-06,1.1871363651109368,5.369160186304012e-14,-0.011424037051111544,848,7.02438e-11,1.477478e-10,3.176945e-10,1.508589e-10,-6.420592e-06,7.62211824874036e-06,True
2.5337134239271014e-06,7.864648504832682e-06,1.4655152886746534,1.349066806991281e-13,0.03819594900714972,849,1.830129e-10,1.179639e-10,2.585949e-10,4.012239e-10,-1.991578e-05,2.9186880075880886e-05,True
7.89462218516256e-07,3.097716522119377e-06,1.0264736437891049,1.0703058038735872e-13,0.029835098909342328,850,9.635589e-10,4.90559e-10,9.92987e-10,1.9481e-09,-1.093768e-05,1.1227240244199217e-05,True
3.7353138656620044e-06,3.956909806198233e-06,1.5042711980381862,1.657020942875119e-14,-0.022414030980704127,851,1.355348e-11,2.48871e-11,5.646319e-11,3.260287e-11,-2.755335e-06,4.144771081446546e-06,True
2.9586724855766268e-06,2.9317086704263766e-06,1.7952935557022296,1.277381083921631e-13,-0.029840106017860676,852,8.60583e-11,2.030919e-10,4.470281e-10,2.215907e-10,-2.343805e-05,4.207818012322664e-05,True
3.332933883698597e-06,2.528357825807136e-06,1.6216342224601314,1.8371937740810067e-13,-0.04816668254313998,853,1.290173e-10,3.763585e-10,8.425327e-10,3.196028e-10,-3.005036e-05,4.873069217324703e-05,True
2.1116360741230735e-06,5.7869184179961106e-06,1.6773853205550093,1.888868941694253e-13,-0.0004776886418218912,854,2.291277e-10,1.67235e-10,3.802923e-10,5.210298e-10,-3.201754e-05,5.370575159628283e-05,True
1.1953424811411653e-06,6.916235436029306e-06,1.3276364095464583,2.5057769394620758e-14,0.024707209193849625,855,8.445848e-11,2.946552e-11,6.370071e-11,1.827188e-10,-3.387161e-06,4.496918268595791e-06,True
2.510465671609589e-06,3.82015151883562e-06,1.5768623781814353,1.9819527016132555e-13,-0.014520626130952306,856,2.187575e-10,2.874923e-10,6.511211e-10,4.9543e-10,-3.148563e-05,4.964850540034074e-05,True
7.606139980047281e-07,5.039435269348778e-06,1.7087230351227343,1.1831358777177478e-13,0.03177511238499048,857,4.150773e-10,1.12337e-10,2.760082e-10,9.140153e-10,-2.03707e-05,3.4807884331574685e-05,True
2.395364635966584e-06,3.0672099636828897e-06,1.3657817280605995,1.6906466698136899e-13,-0.008430097876581562,858,2.522192e-10,3.939118e-10,8.69503e-10,5.56699e-10,-2.313209e-05,3.159338585385331e-05,True
6.710944936511757e-07,5.5165366416380655e-06,1.5236836908131237,1.7418080911512754e-13,0.027389106183393394,859,8.259331e-10,1.883427e-10,4.403316e-10,1.809544e-09,-2.660556e-05,4.053845785695001e-05,True
2.806575574335832e-06,3.4304744109176956e-06,1.292314013791343,9.885793381135562e-14,-0.025563777647024555,860,1.342716e-10,2.196841e-10,4.837704e-10,2.957217e-10,-1.286609e-05,1.662702840970066e-05,True
3.4688310515104646e-06,3.0119969323469146e-06,1.2949760457748085,1.6290731445528015e-14,-0.01736573935821232,861,1.858229e-11,4.195227e-11,9.199429e-11,4.162792e-11,-2.201441e-06,2.85081336118654e-06,True
2.7500945364306995e-06,4.8834192917607655e-06,1.4779903492593773,3.4889672790305826e-14,-0.03840889809004797,862,3.779901e-11,4.249619e-11,9.583558e-11,8.528208e-11,-5.405448e-06,7.989199977423402e-06,True
2.6563073182502516e-06,5.464686962928728e-06,1.5987569490529618,1.4757461743300042e-13,0.044519510839770224,863,1.652256e-10,1.606614e-10,3.569494e-10,3.671712e-10,-2.379083e-05,3.803575478623768e-05,True
8.17534401944753e-07,2.678930882066946e-06,1.7747476687050254,4.362827566172272e-14,0.04108031219286132,864,1.323616e-10,8.085004e-11,1.828399e-10,2.993464e-10,-7.885716e-06,1.3995156087069919e-05,True
5.923944243830418e-07,7.3100672256948835e-06,1.302962188368428,1.527767549464035e-13,0.0009258163904941191,865,1.033242e-09,1.550028e-10,3.613572e-10,2.229228e-09,-1.989163e-05,2.5918041755015073e-05,True
6.883387962731993e-07,4.676761747808054e-06,1.5871562348303754,1.200138493513211e-13,-0.0109103738940442,866,4.906525e-10,1.315428e-10,3.204223e-10,1.088285e-09,-1.9179e-05,3.044006942781177e-05,True
3.789443778085979e-06,7.2125715112564205e-06,1.7760043213414518,1.925166525201473e-13,0.010312079417246378,867,1.206914e-10,1.267971e-10,2.895907e-10,2.75671e-10,-3.479306e-05,6.179262491269241e-05,True
1.56197135299666e-06,2.358692394458392e-06,1.030276779784397,9.851129873468099e-14,-0.04017087699284392,868,3.57905e-10,4.740077e-10,1.004172e-09,7.582089e-10,-1.011275e-05,1.0418931504764661e-05,True
1.0574658048796857e-06,3.223988582595905e-06,1.2152543201058261,4.746058347027394e-14,0.0034385247538732747,869,2.0472e-10,1.343169e-10,2.880047e-10,4.390765e-10,-5.790673e-06,7.037140379570164e-06,True
2.076478885607734e-06,6.398938357133774e-06,1.2089588824723785,6.436772619570839e-14,0.0475331381450869,870,1.593681e-10,1.034499e-10,2.164061e-10,3.332956e-10,-7.801915e-06,9.432194439544486e-06,True
2.1800323393254737e-06,2.1111468134511233e-06,1.3560076279993416,1.1085382043565036e-13,0.02246650214292918,871,1.95805e-10,4.043481e-10,8.79127e-10,4.256777e-10,-1.504837e-05,2.040570450895645e-05,True
5.487294013880309e-07,2.076512808343195e-06,1.229891179682544,1.7085900521691795e-13,-0.00012779826874576017,872,1.375701e-09,7.061558e-10,1.566197e-09,2.963379e-09,-1.994868e-05,2.453470557830957e-05,True
1.6902094417675958e-06,1.4257538200790076e-06,1.297648168494354,9.247870275021447e-14,0.021212055053254117,873,2.285764e-10,5.418801e-10,1.168121e-09,4.927319e-10,-1.189316e-05,1.543313729161031e-05,True
1.7265781911663932e-06,2.674737601022251e-06,1.384118656519874,1.0038819841479849e-13,-0.028322141773496873,874,1.954919e-10,2.523859e-10,5.63139e-10,4.361752e-10,-1.39893e-05,1.9362851121653474e-05,True
3.381488543628057e-06,7.591994675559669e-06,0.9153872448791596,1.49536319869294e-14,-0.03801019659728387,875,3.280422e-11,2.92966e-11,6.001319e-11,6.733158e-11,-1.376377e-06,1.2599179499450431e-06,True
3.4781369756338883e-06,7.94715934035356e-06,0.9944120891313908,1.322558507428685e-13,-0.029121642324828074,876,2.404537e-10,2.104805e-10,4.389131e-10,5.014117e-10,-1.316949e-05,1.309590006369496e-05,True
1.3380271218066479e-06,3.4486344504505213e-06,1.1944344650651877,6.63511290500973e-14,0.03218297765506599,877,2.515149e-10,1.951646e-10,4.105348e-10,5.290128e-10,-7.939107e-06,9.482743022640289e-06,True
3.3370548448035233e-06,5.2336746616003616e-06,1.1435716091130366,1.230890502976679e-13,-0.042586010759680284,878,1.694367e-10,2.160318e-10,4.68781e-10,3.676419e-10,-1.414062e-05,1.6170811567255987e-05,True
3.5525402181043628e-06,3.254123717317659e-06,1.1085698346134887,9.068095337643189e-14,-0.04478721162908557,879,1.237269e-10,2.700817e-10,5.830139e-10,2.671226e-10,-1.009776e-05,1.1194072133166702e-05,True
1.3113319981056278e-06,5.593058563465621e-06,1.774188379166721,9.334225761482326e-14,0.01102679298232273,880,1.734806e-10,7.955778e-11,1.815327e-10,3.869904e-10,-1.705684e-05,3.026204731330609e-05,True
3.846737075524498e-06,2.1967107229040503e-06,1.5032806772376488,1.433043654154299e-13,0.005791270617793831,881,1.055653e-10,4.146255e-10,9.028241e-10,2.578887e-10,-2.162134e-05,3.2502942637985465e-05,True
3.5751848753327857e-06,1.0917027933210565e-06,0.9452713321996618,1.2726181090105648e-13,-0.019278600941985816,882,2.607219e-10,1.707519e-09,3.488609e-09,5.32649e-10,-9.23272e-06,8.727425534226462e-06,True
1.7496251041562362e-06,4.661421420871847e-06,1.3558387791602113,2.2042575345985214e-14,-0.041996196965851926,883,4.292199e-11,3.234244e-11,7.222185e-11,9.571562e-11,-3.118106e-06,4.22764903233213e-06,True
3.339557496998702e-06,2.7850930152713813e-06,1.7542573459669222,5.543076029366269e-14,0.007264768140693857,884,3.025189e-11,1.060214e-10,2.191839e-10,9.167903e-11,-1.007198e-05,1.766884490343192e-05,True
1.7574798085409277e-06,1.289176898811209e-06,1.0055246019428181,9.972442642903782e-14,0.039194777336608144,885,4.38379e-10,1.195223e-09,2.386075e-09,8.751703e-10,-8.710711e-06,8.758834210913927e-06,True
2.06359941025285e-06,2.8722545054644384e-06,1.1392384570383454,1.4725741680819633e-14,0.04800320346163907,886,4.203197e-11,6.02827e-11,1.240688e-10,8.629907e-11,-1.68361e-06,1.9180332586543285e-06,True
1.3910620897938813e-06,7.703386342188378e-06,1.3881206646427369,1.320673591717124e-13,-0.022952529729391765,887,3.308041e-10,1.058922e-10,2.581598e-10,7.145326e-10,-1.84782e-05,2.564997126540142e-05,True
1.2767981739816102e-06,7.189646952321946e-06,1.5142813664546113,7.036645421763869e-14,-0.01126187392796412,888,1.740775e-10,4.834433e-11,1.311595e-10,3.68926e-10,-1.084431e-05,1.6421336565057404e-05,True
2.7205207160882623e-06,5.254524506587825e-06,1.0848405136372703,4.133941413738804e-14,0.04062863229127882,889,9.792403e-11,1.013948e-10,2.068626e-10,1.998417e-10,-4.489612e-06,4.870512988112052e-06,True
3.60981444565947e-06,1.4450076537966985e-06,1.5909724964735514,1.7143111828743105e-13,-0.03869317848204376,890,1.150476e-10,6.346551e-10,1.428517e-09,2.860113e-10,-2.669237e-05,4.246682653569573e-05,True
9.501441967991209e-07,4.3932374690943595e-06,1.7887849392253803,2.8751957133812454e-14,0.04951290181198108,891,8.496087e-11,2.264185e-11,7.371332e-11,1.693295e-10,-5.345608e-06,9.562143081402708e-06,True
1.7546766359387153e-06,7.2433670523741695e-06,1.7968165750847462,3.111215531003389e-14,-0.039545597312904406,892,4.886723e-11,9.306819e-12,4.54711e-11,9.017583e-11,-6.199058e-06,1.1138570164311696e-05,True
2.2750492838628936e-06,4.498627877664702e-06,0.9756852205015385,8.594347097917235e-14,0.011878679679152418,893,2.859809e-10,2.89259e-10,5.832902e-10,5.766637e-10,-8.38638e-06,8.182467019509693e-06,True
2.5672172215411717e-06,4.765120512746842e-06,0.9810283633611636,1.2400294403128146e-14,-0.0023379639738128413,894,3.445014e-11,3.716213e-11,7.582684e-11,7.044285e-11,-1.22051e-06,1.1973549277659338e-06,True
3.072458045183144e-06,7.965980773836126e-06,1.2376834852863126,1.2126289292905592e-13,0.012559393084951284,895,1.7742e-10,1.368763e-10,2.933491e-10,3.801428e-10,-1.506999e-05,1.865187774642988e-05,True
7.702278465133375e-07,7.194817679079019e-06,1.3479271184904051,1.9254610704950477e-13,0.046795437300252415,896,1.03445e-09,2.083956e-10,4.709789e-10,2.199568e-09,-2.593152e-05,3.495379903167631e-05,True
7.397894009559826e-07,1.4546964265645546e-06,0.9647799693243574,5.95462120305482e-14,0.014535452210564986,897,6.32533e-10,6.433474e-10,1.290427e-09,1.268705e-09,-5.649435e-06,5.450461725999952e-06,True
7.97900654962947e-07,4.594384407732814e-06,1.5490505504842362,7.549324895014227e-14,-0.026880780689836625,898,2.746197e-10,8.198816e-11,2.085945e-10,6.004451e-10,-1.184076e-05,1.8341935796151726e-05,True
3.2766528856792497e-06,2.978348026177956e-06,1.00892480177738,1.9049514105947772e-13,-0.041132025580729835,899,3.435686e-10,7.559331e-10,1.594489e-09,7.24695e-10,-1.845037e-05,1.861503589496932e-05,True
1.3665272926050876e-06,1.898012089236933e-06,1.2980242500141272,1.514036156483723e-14,-0.03719238353727085,900,4.111572e-11,5.899872e-11,1.307065e-10,9.094821e-11,-2.019709e-06,2.6216312599717827e-06,True
1.9030033993813283e-06,2.8506584245212696e-06,1.1518295576305055,1.048550458855784e-13,-0.006754344900437255,901,2.727946e-10,3.641988e-10,7.760614e-10,5.812387e-10,-1.20885e-05,1.3923891607416365e-05,True
3.912842654869915e-06,2.6842912369130086e-06,1.3944450285724752,1.4892065562912528e-13,0.003097331186179428,902,1.240188e-10,4.006236e-10,8.611698e-10,2.954751e-10,-2.083819e-05,2.9057710449948667e-05,True
3.2298456902586524e-06,3.783423859327327e-06,1.4702123907865494,1.915032322201878e-13,0.03933495883772435,903,2.030257e-10,3.466011e-10,7.600154e-10,4.451158e-10,-2.824745e-05,4.152975099812351e-05,True
2.3289526704662596e-06,6.099439783361859e-06,1.765958097428292,6.404401202155279e-14,0.03560821950478138,904,6.831959e-11,5.215469e-11,1.181599e-10,1.546143e-10,-1.167085e-05,2.061023206137098e-05,True
1.1714441726739084e-06,7.760534809322713e-06,1.2007846158317133,1.8000439781213478e-13,0.04094107885958104,905,7.87988e-10,2.378402e-10,4.986134e-10,1.651548e-09,-2.163137e-05,2.5974616315363645e-05,True
3.9433277722038024e-06,7.278855461025839e-06,1.7505534669186422,6.450769979394673e-14,-0.046948494519568645,906,3.700721e-11,4.013186e-11,9.283587e-11,8.562796e-11,-1.211824e-05,2.1213627044952167e-05,True
3.2770421476699305e-06,5.84067130467245e-06,1.1206950623851843,7.810688902821399e-14,0.027510923382530653,907,1.371259e-10,1.538586e-10,3.193184e-10,2.845713e-10,-8.76835e-06,9.826646550265131e-06,True
3.603496630392788e-06,4.61920487533483e-06,1.2602302364916185,3.559544408457422e-14,-0.012159775296798465,908,4.075138e-11,6.333424e-11,1.380037e-10,8.844443e-11,-4.57059e-06,5.759995716606227e-06,True
3.654792322141641e-06,7.144636799740225e-06,1.219192356107838,5.824699996293954e-14,0.03075384562687973,909,7.721269e-11,7.900818e-11,1.670887e-10,1.633632e-10,-7.142563e-06,8.708158212618667e-06,True
6.624435631179511e-07,2.970110191650594e-06,1.2170802185540317,1.9851981707301646e-13,-0.038156837586032666,910,1.238877e-09,5.425888e-10,1.210982e-09,2.714711e-09,-2.365224e-05,2.878667342849241e-05,True
6.736296946787031e-07,2.0374090101416527e-06,1.6779739329662564,1.0316450157372276e-13,-0.01678957420950241,911,3.829678e-10,2.53259e-10,5.79076e-10,8.75682e-10,-1.743539e-05,2.9256129931100536e-05,True
1.909498463115679e-06,2.9443651160700346e-06,0.9791597744799222,7.626665993830447e-14,-0.014429817374285316,912,2.7409e-10,3.555014e-10,7.309595e-10,5.635753e-10,-7.468586e-06,7.312938983443904e-06,True
1.9234049826578453e-06,7.856440199447054e-06,1.5813791594302455,4.6878962137832695e-14,-0.009769853312370666,913,6.781411e-11,3.335091e-11,7.538178e-11,1.532216e-10,-7.72677e-06,1.2218953047710838e-05,True
2.1876687292539746e-06,3.492536926595561e-06,1.0208518940472373,1.2058666621579307e-13,0.04170677613128616,914,4.133664e-10,5.178508e-10,1.036882e-09,8.276901e-10,-1.224896e-05,1.2504374016108848e-05,True
1.4207828912633606e-06,6.18167900638915e-06,1.4499570250429143,1.785037227428449e-13,-0.0034354160269332787,915,4.08016e-10,1.875873e-10,4.174694e-10,9.081683e-10,-2.602621e-05,3.773688602474215e-05,True
5.309344173676808e-07,5.905479656377947e-06,1.6232595297459143,8.423750828661245e-14,-0.014585408037456019,916,4.294757e-10,6.547386e-11,1.715976e-10,9.540401e-10,-1.380508e-05,2.2409227668904727e-05,True
1.0696668652071924e-06,3.953909069829376e-06,1.0529907370259817,9.465961513885213e-14,0.011444470296135142,917,5.585629e-10,3.022319e-10,6.229762e-10,1.151336e-09,-9.971361e-06,1.049975076854213e-05,True
3.675963108842945e-06,7.918838437029573e-06,1.6819536692981458,1.1712883401187267e-13,-0.011841965945385766,918,8.004696e-11,7.427178e-11,1.69526e-10,1.82677e-10,-2.025882e-05,3.407439663465067e-05,True
3.101898559748397e-06,6.642643547304942e-06,1.4931801337000534,1.4686563813147575e-13,-0.03496902731833137,919,1.387555e-10,1.296012e-10,2.933111e-10,3.140525e-10,-2.224418e-05,3.321456766644806e-05,True
2.454529427946457e-06,2.514408240025655e-06,1.0470212677325592,2.534189007874736e-14,0.01304569735800995,920,6.639443e-11,1.295764e-10,2.664161e-10,1.366395e-10,-2.658471e-06,2.7834756766502443e-06,True
5.800708418481543e-07,2.7922405970700775e-06,0.9597827265996366,8.880585794467581e-14,0.04854684288257623,921,1.385678e-09,5.683155e-10,1.124739e-09,2.706968e-09,-8.404768e-06,8.066751147477375e-06,True
1.0952642575405702e-06,3.1556063036739032e-06,1.2732462269718618,5.154906882679437e-14,0.008983909980825898,922,1.985598e-10,1.378608e-10,2.976661e-10,4.288658e-10,-6.594391e-06,8.396283459927203e-06,True
3.818856175638962e-06,4.340912847037377e-06,1.3970385993172088,1.0630358430829777e-13,0.004083626522975337,923,9.792911e-11,1.72211e-10,3.795792e-10,2.157025e-10,-1.499269e-05,2.0945366637597124e-05,True
1.1536673245208566e-06,2.893297322614617e-06,1.4573304331191235,1.8393651721726725e-13,-0.03586838040842838,924,4.851814e-10,3.869345e-10,8.730601e-10,1.094767e-09,-2.685496e-05,3.913655048819673e-05,True
6.487893962731107e-07,5.9128945069944065e-06,1.3765349143071126,1.9525733524172407e-13,0.022677481166087032,925,1.137047e-09,2.348606e-10,5.393028e-10,2.457494e-09,-2.678502e-05,3.68705152104143e-05,True
1.9007748930882087e-06,1.864066489240355e-06,1.2253283403132433,1.4136852481528719e-13,0.023848258443218043,926,3.503636e-10,7.144874e-10,1.518765e-09,7.447224e-10,-1.674681e-05,2.0520340902841228e-05,True
1.2295039288785393e-06,1.0204006919361646e-06,1.0550502560158777,3.447481699071076e-14,-0.017787239815755397,927,1.615771e-10,3.892936e-10,8.178057e-10,3.394556e-10,-3.638973e-06,3.839299395284867e-06,True
1.3089550716607414e-06,2.2687687856125488e-06,1.051955210725399,1.8344629001255025e-13,-0.04161845989998166,928,7.591744e-10,8.757423e-10,1.866316e-09,1.617413e-09,-1.800944e-05,1.8945124250246433e-05,True
2.7608671174423805e-06,2.502558733242509e-06,1.6168510514561945,5.353868742894168e-14,-0.023480490726369485,929,4.108985e-11,1.224071e-10,2.562281e-10,1.161406e-10,-8.915688e-06,1.4415339517255376e-05,True
2.3105486948714592e-06,6.5105382464539205e-06,0.9021900436730369,9.840164672322375e-14,-0.0028137716636617224,930,3.718025e-10,2.63903e-10,5.252809e-10,7.399877e-10,-8.877777e-06,8.009442019349483e-06,True
5.526444970864059e-07,7.436042299195186e-06,1.2312770760772869,1.116620267741146e-13,0.004724938811562038,931,9.108285e-10,1.237152e-10,2.878207e-10,1.936097e-09,-1.37602e-05,1.6942618822238682e-05,True
1.1433718726375697e-06,2.7048508997217877e-06,1.1025556016131635,1.5407442569349504e-13,0.004350878602593977,932,7.525982e-10,6.361391e-10,1.333159e-09,1.576891e-09,-1.665241e-05,1.836020792585906e-05,True
3.5224628004992365e-06,1.5373225404806485e-06,1.2731486072331193,1.8121572637211948e-13,0.018131060574297544,933,2.115401e-10,1.025083e-09,2.182637e-09,4.763575e-10,-2.07693e-05,2.6442405368206825e-05,True
3.898450700378451e-06,1.0624647081143502e-06,1.7464476242233775,1.1803963766714346e-13,-0.04376425653152689,934,5.874435e-11,5.138542e-10,1.167609e-09,1.592295e-10,-2.061134e-05,3.599662577506027e-05,True
2.4922753648238148e-06,2.9030921552327975e-06,1.3647712044731017,1.5960291363348188e-14,0.029309330993810473,935,2.484627e-11,4.257164e-11,9.235353e-11,5.41638e-11,-2.237435e-06,3.053586859880274e-06,True
2.9366784345079547e-06,7.060261814875271e-06,1.6083568449554178,1.4006891974996e-13,0.006254360467438894,936,1.321774e-10,1.099887e-10,2.479643e-10,2.979767e-10,-2.286208e-05,3.677038285791836e-05,True
3.5198685139477456e-06,2.5193301497531493e-06,1.3336288304896469,8.080830568741624e-14,-0.013258543854242091,937,7.481761e-11,2.469446e-10,5.218825e-10,1.868203e-10,-1.087462e-05,1.4502706752619325e-05,True
1.0593832383484443e-06,5.477973433932777e-06,1.5188598411015268,9.547895400345226e-14,-0.010628484575135398,938,2.772333e-10,9.340341e-11,2.325117e-10,6.00967e-10,-1.465785e-05,2.2263219721890015e-05,True
1.0873372663926015e-06,4.0108852084936175e-06,1.345743269744589,9.76544195107518e-14,0.0442509628637484,939,3.672408e-10,1.991456e-10,4.279085e-10,7.891569e-10,-1.317568e-05,1.773108268430839e-05,True
1.474560644931972e-06,1.9796471438986944e-06,1.7832522888109046,4.59951062670468e-14,-0.023737841494331804,940,7.047979e-11,1.048408e-10,2.421388e-10,1.625237e-10,-8.454338e-06,1.5076217588881006e-05,True
3.4411009235763966e-06,1.782177324255288e-06,1.139636359350452,1.6930411826347992e-13,0.006069582466714851,941,2.574087e-10,9.939419e-10,2.097392e-09,5.431497e-10,-1.753076e-05,1.9978691503046526e-05,True
3.7101580029365533e-06,5.896172395986442e-06,1.6456394052069703,3.8797734675484983e-14,-0.026695186314734713,942,2.684991e-11,3.363112e-11,7.677392e-11,6.106676e-11,-6.872176e-06,1.1309123625117616e-05,True
3.9707729592806305e-06,2.3182305565704635e-06,1.4606244133991124,1.9213805347210293e-13,0.01626270361484053,943,1.507702e-10,5.605791e-10,1.217278e-09,3.553902e-10,-2.777907e-05,4.0574787823522885e-05,True
3.6500679428075396e-06,7.354819061913966e-06,1.563985935032675,1.8185630137415026e-13,-0.022309710459758037,944,1.382471e-10,1.372135e-10,3.112193e-10,3.135679e-10,-2.885025e-05,4.5121385222176434e-05,True
3.9813708773516235e-06,5.179454001321112e-06,1.4488072007867538,5.2389064077395525e-14,-0.022868473557594728,945,4.155e-11,6.363515e-11,1.425377e-10,9.302751e-11,-7.839706e-06,1.135822250485112e-05,True
3.754790343387327e-06,7.267109109427144e-06,1.6912056530799813,1.3324864611962922e-13,0.019923916718523435,946,9.245757e-11,9.550647e-11,2.159248e-10,2.090209e-10,-2.298009e-05,3.8864058116286746e-05,True
3.5110525623924484e-06,2.865699884507963e-06,1.7309779309730042,1.459339792371627e-13,0.028058183273402898,947,9.542705e-11,2.682898e-10,5.845845e-10,2.386794e-10,-2.555761e-05,4.4239658878414963e-05,True
2.2263513585271276e-06,4.44951967795997e-06,1.6372537549187045,1.8148147127380016e-13,0.037870454058160516,948,2.302167e-10,2.303823e-10,5.151968e-10,5.148286e-10,-2.990982e-05,4.896996510394257e-05,True
2.5528798906497287e-06,3.5814522963667535e-06,1.627015941918247,1.6895016188630792e-14,0.04977926629138217,949,1.97001e-11,2.773523e-11,6.141783e-11,4.42185e-11,-2.917688e-06,4.747124889543566e-06,True
2.66687516776815e-06,6.474316007341652e-06,1.1178553516784089,1.6957785432168379e-13,0.04008503797144364,950,3.813249e-10,3.141465e-10,6.465292e-10,7.847629e-10,-1.896312e-05,2.1198025176519868e-05,True
1.5356743612383678e-06,4.213936408243035e-06,1.3799575066062992,8.718460117420699e-14,-0.03611509880523008,951,1.891504e-10,1.378879e-10,3.084068e-10,4.232016e-10,-1.215109e-05,1.6767987858948736e-05,True
1.3639252534531004e-06,4.9490528996519e-06,1.088763131804476,1.095375552672761e-13,-0.002133620430308701,952,4.524878e-10,2.49426e-10,5.230164e-10,9.488313e-10,-1.193912e-05,1.2998873682189454e-05,True
3.193972784086121e-06,1.191644645990482e-06,1.131330748399916,1.1961532879434316e-13,0.03880555064498835,953,2.177606e-10,1.167193e-09,2.411711e-09,4.499438e-10,-1.179255e-05,1.3341274417043429e-05,True
3.904654106540282e-06,3.0265476537833425e-06,1.1192445970678384,1.2757303035481727e-14,-0.020116579568168525,954,1.692164e-11,4.285831e-11,9.146867e-11,3.79773e-11,-1.462154e-06,1.6365079645811281e-06,True
2.564025536187142e-06,1.7620373712258372e-06,1.4176659633219422,1.3021417878114229e-13,0.0008557300892342995,955,1.629185e-10,5.131391e-10,1.113588e-09,3.82672e-10,-1.837152e-05,2.604467859848833e-05,True
1.0604882236803017e-06,4.691845016289276e-06,1.5383087804099773,1.3769709461357996e-13,-0.010576291021312419,956,3.769679e-10,1.704557e-10,3.840275e-10,8.494181e-10,-2.134136e-05,3.282960147389027e-05,True
3.923925040428287e-06,1.8154812117345283e-06,1.4902029739123537,1.5867688750414192e-13,0.043970574012661634,957,1.26259e-10,5.988452e-10,1.292062e-09,2.989186e-10,-2.32905e-05,3.470757236390567e-05,True
1.6348216125559323e-06,5.709932642903687e-06,1.530176559559978,7.06294031629069e-14,0.0023109239161167167,958,1.293091e-10,7.40624e-11,1.659899e-10,2.895861e-10,-1.099168e-05,1.681921108618422e-05,True
1.60888522422087e-06,2.2321219632600433e-06,1.6804670282845597,4.8074378196294687e-14,-0.03401841007862869,959,7.285494e-11,1.049227e-10,2.41321e-10,1.67474e-10,-8.308529e-06,1.3962209038046084e-05,True
1.2980592019837432e-06,1.6905899340806037e-06,1.164664572663301,6.05694542775218e-14,0.01851120955415661,960,2.409943e-10,3.700526e-10,7.794439e-10,5.075623e-10,-7.058106e-06,8.220326008302281e-06,True
2.740745606071439e-06,2.8369416336526707e-06,1.7702178970708684,1.4421278874109284e-13,0.0025389984956101577,961,1.242988e-10,2.401369e-10,5.496301e-10,2.845428e-10,-2.58773e-05,4.5808459587871983e-05,True
3.7749322393413172e-06,4.626875883329176e-06,0.9200542421353535,5.035949031290557e-14,0.04960221758916748,962,1.367633e-10,2.231544e-10,4.294183e-10,2.632952e-10,-4.633347e-06,4.262930562635114e-06,True
3.794210767609941e-06,1.1030952044504304e-06,1.7262112220286876,5.891244957199655e-14,-0.01830736020746402,963,2.726605e-11,2.65042e-10,5.856047e-10,8.538782e-11,-1.037041e-05,1.7901518119038525e-05,True
2.628880978965663e-06,6.283000653238259e-06,1.3185401314617535,1.7760224682030122e-13,-0.030718308340205683,964,2.459042e-10,2.057849e-10,4.55873e-10,5.447704e-10,-2.355631e-05,3.105994008415382e-05,True
1.0043297349485445e-06,6.812610045473416e-06,1.2362084770028632,1.1068831289371283e-13,-0.044204805806080355,965,4.471992e-10,1.189672e-10,2.842206e-10,9.636244e-10,-1.375377e-05,1.700252706474767e-05,True
8.170825709656913e-07,5.994568285003076e-06,0.9255869293675916,1.5331607099070836e-14,-0.010138614557379265,966,1.493956e-10,4.082781e-11,8.25457e-11,3.013964e-10,-1.420288e-06,1.314600008737638e-06,True
5.719310576185025e-07,2.9327639779269253e-06,1.1211489284056881,1.5665208800986447e-13,0.008281268069440587,967,1.492078e-09,5.603853e-10,1.221571e-09,3.131999e-09,-1.701823e-05,1.9079970327861536e-05,True
2.0954529855344356e-06,1.4714572137185613e-06,1.0108350427903945,2.4711251439784848e-14,0.03323469349941037,968,8.811211e-11,2.508244e-10,5.036167e-10,1.768679e-10,-2.498426e-06,2.525496552618634e-06,True
2.607150945996954e-06,2.2446174478507243e-06,1.0398449309774105,3.922165376382047e-14,-0.040963211414495534,969,8.363466e-11,1.941766e-10,4.124722e-10,1.77581e-10,-4.096516e-06,4.2597413972678574e-06,True
2.5775239710572456e-06,5.76674566607735e-06,1.6555974982869204,7.85651749085458e-14,-0.027951187227869906,970,7.668459e-11,6.860166e-11,1.570419e-10,1.756393e-10,-1.342135e-05,2.222035348363316e-05,True
2.8449795736239285e-06,7.231290390186335e-06,1.536239839328292,1.3241530403913598e-13,0.03543361925411005,971,1.462569e-10,1.150849e-10,2.548221e-10,3.238136e-10,-2.054408e-05,3.1560634158347575e-05,True
1.4755003505596837e-06,2.263280619129292e-06,1.067452789862553,1.310720620629412e-13,-0.0344463003696249,972,4.765869e-10,6.213988e-10,1.32249e-09,1.014316e-09,-1.37303e-05,1.465644704064981e-05,True
3.1228031374489192e-06,5.796613675605481e-06,1.0003379167025366,1.2789208002463975e-13,0.01759606451434828,973,2.974944e-10,3.205374e-10,6.485415e-10,6.01935e-10,-1.279443e-05,1.2798753451596434e-05,True
2.9839938413434635e-06,5.962071455222576e-06,1.6708299320340767,1.6972966903612527e-14,-0.03706681791175024,974,1.426799e-11,1.429164e-11,3.438654e-11,3.428962e-11,-3.336636e-06,5.574951301102454e-06,True
3.0893751781003763e-06,2.4310724919091016e-06,0.9879774695627251,1.8666204033475283e-13,0.04566524210067496,975,5.001588e-10,1.271175e-09,2.512166e-09,9.884632e-10,-1.572173e-05,1.5532715022548385e-05,True
3.850176772423377e-06,6.346779010853897e-06,1.6429965062271383,6.378554034438991e-14,-0.005848158763967458,976,4.365963e-11,5.286208e-11,1.20164e-10,9.904411e-11,-1.092082e-05,1.7942869105135456e-05,True
2.904634196079676e-06,2.3144099953976144e-06,1.5083046141053833,7.887774334792598e-14,-0.022260099738461492,977,7.000546e-11,2.105979e-10,4.525788e-10,1.803141e-10,-1.207491e-05,1.821264246790723e-05,True
8.11604654699344e-07,3.9805368951373565e-06,1.0858689944061486,2.3062295809997495e-14,0.009286387099013596,978,1.663886e-10,6.791302e-11,1.411832e-10,3.462837e-10,-2.511474e-06,2.727131746857188e-06,True
1.0840462183626202e-06,7.40824516060268e-06,0.9616552169319283,9.806740316293489e-14,0.009728571462298143,979,7.044002e-10,2.061562e-10,4.145368e-10,1.416377e-09,-9.431555e-06,9.069904069530414e-06,True
3.674115229177444e-06,3.770496299662643e-06,1.5416028964290556,1.2713796149925122e-13,0.008043099759097352,980,1.03252e-10,2.011523e-10,4.502667e-10,2.311237e-10,-1.982554e-05,3.05631098872701e-05,True
3.4501027826356164e-06,6.954949000078616e-06,1.1229955770166877,1.0611909879131628e-14,-0.002408306772719554,981,1.654842e-11,1.641337e-11,3.661093e-11,3.690494e-11,-1.224734e-06,1.375370865021956e-06,True
1.4317668462190476e-06,1.2571598005303859e-06,1.3361898203660907,9.988964475753091e-14,-0.027744596117912496,982,2.495732e-10,5.684105e-10,1.260493e-09,5.534225e-10,-1.317983e-05,1.7610754680155613e-05,True
2.8754392006268733e-06,7.2900493175983565e-06,1.3637588366539042,4.967604961674718e-14,0.041733402169573344,983,6.855364e-11,5.406128e-11,1.166773e-10,1.478929e-10,-6.857331e-06,9.351745747110754e-06,True
3.9655277917325625e-06,7.845465171674392e-06,1.6059552788252542,1.538274633531114e-13,-0.03892658241961704,984,1.006906e-10,1.01781e-10,2.329678e-10,2.30494e-10,-2.526547e-05,4.05752149185011e-05,True
3.2165755450722065e-06,7.1177198923318355e-06,1.6983281762794142,1.3162803847903454e-13,0.03476378929867002,985,1.081972e-10,9.779949e-11,2.201974e-10,2.434992e-10,-2.272962e-05,3.86023540821241e-05,True
7.924442123793792e-07,6.273485432378813e-06,1.6782128126157572,5.549399378083643e-14,-0.02723812835730219,986,1.825563e-10,3.372443e-11,1.002521e-10,3.958646e-10,-9.538754e-06,1.6008059179189804e-05,True
1.1852823122993267e-06,7.649254784857597e-06,1.4956995096465446,7.515220363477257e-14,0.02341513925796962,987,2.145414e-10,5.343494e-11,1.404544e-10,4.528449e-10,-1.136946e-05,1.7005295746946004e-05,True
1.2423297127021682e-06,4.81773446483584e-06,1.5634272832133154,1.9457633333359135e-14,0.012986918092148553,988,4.607046e-11,2.391961e-11,5.374736e-11,1.03179e-10,-3.196376e-06,4.997301445808244e-06,True
2.8623975127988133e-06,7.790249038175051e-06,1.2739454439689866,1.5497800447943991e-13,0.011656063930642321,989,2.295239e-10,1.686903e-10,3.63892e-10,4.951644e-10,-1.981893e-05,2.5248235577840265e-05,True
1.4173668077804385e-06,1.098484293984087e-06,1.6891391588862659,1.3688299515178438e-13,-0.025226016460874575,990,2.26218e-10,6.195291e-10,1.398712e-09,5.420518e-10,-2.266172e-05,3.8278798659716075e-05,True
1.6886383460783067e-06,7.599049899436404e-06,1.1272543194588989,1.362016954477741e-14,0.002462655261985379,991,4.288396e-11,1.935483e-11,4.161897e-11,9.048176e-11,-1.560226e-06,1.75877149783208e-06,True
1.0833260773023216e-06,4.279530960301878e-06,1.6195145935646158,8.135445478536353e-14,0.0070348830883317365,992,2.059304e-10,1.042886e-10,2.352794e-10,4.646928e-10,-1.334661e-05,2.1615029669615437e-05,True
1.2340442772089526e-06,6.878763737413489e-06,1.7227403565777428,3.552488812690378e-14,-0.028004668401528432,993,7.816074e-11,1.459614e-11,5.652626e-11,1.56842e-10,-6.481778e-06,1.1166420542977769e-05,True
3.6205365787371184e-06,7.804031972847084e-06,1.7681563133902167,8.372036890832265e-14,-0.03247330012251787,994,5.230257e-11,4.856435e-11,1.123112e-10,1.210234e-10,-1.558674e-05,2.7559792736171826e-05,True
6.39282011264047e-07,1.9241097873344094e-06,1.1412167327457357,3.2649946046183037e-14,-0.03511468787251659,995,2.398431e-10,1.594034e-10,3.442536e-10,5.180399e-10,-3.741315e-06,4.269651280472612e-06,True
7.015704852767849e-07,3.2008091789143424e-06,1.6987297960870809,1.160662817647252e-13,0.010384992560800846,996,4.317377e-10,1.748897e-10,4.197302e-10,9.574765e-10,-1.986444e-05,3.374431611058405e-05,True
5.501895919667771e-07,6.32602228788501e-06,1.3082270802373233,1.09744557056936e-13,0.04355083044675433,997,8.714485e-10,1.397396e-10,3.201962e-10,1.840204e-09,-1.437178e-05,1.880155178721316e-05,True
2.6510188941217396e-06,2.9271330219328905e-06,1.046380295612901,4.956806405251079e-14,0.009571036331444682,998,1.190836e-10,2.156239e-10,4.442534e-10,2.45373e-10,-5.19301e-06,5.433863338920751e-06,True
1.466383108095484e-06,1.0327996347433314e-06,1.685932802143856,1.0748534257931559e-13,0.04657203306884271,999,1.895989e-10,5.766686e-10,1.269562e-09,4.471023e-10,-1.789138e-05,3.0163664417620544e-05,True
2.9090582493877567e-06,1.1497556956379089e-06,1.2668400132085085,1.2193472199684495e-13,0.03242246733912209,1000,1.783467e-10,9.629015e-10,2.032044e-09,4.016433e-10,-1.414226e-05,1.7915980845198163e-05,True
1.4535654913751776e-06,7.997408995689021e-06,1.7687408106474576,3.336189500377359e-14,0.02023476219965728,1001,6.566217e-11,1.066009e-11,4.773811e-11,1.266773e-10,-6.259614e-06,1.1071634740700175e-05,True
1.4108272806798204e-06,3.624688842953273e-06,1.353856346721911,1.9686661339531915e-13,-0.013008896611883945,1002,5.019439e-10,3.907495e-10,8.628985e-10,1.108447e-09,-2.667244e-05,3.6110652176559364e-05,True
3.727579613805719e-06,2.299089028719476e-06,0.9145868347818179,1.5561605413464214e-13,-0.0030723443850675103,1003,3.516152e-10,1.140133e-09,2.279256e-09,7.029329e-10,-1.254335e-05,1.1471982774060517e-05,True
1.0205152005027758e-06,2.3261409749953173e-06,1.4280143496760709,6.162168965103404e-14,0.033941015712389735,1004,2.159369e-10,1.89498e-10,4.141119e-10,4.718915e-10,-8.842616e-06,1.2627382536675218e-05,True
2.5956331206991398e-06,6.266100426996688e-06,1.4742596913137063,1.3922347658296368e-13,0.016793154836684004,1005,1.754347e-10,1.453536e-10,3.218681e-10,3.884476e-10,-2.06916e-05,3.0504791828786684e-05,True
1.7480211519260291e-06,3.9147655250634415e-06,1.7324802678366438,1.4899733196531773e-13,0.0405623769185222,1006,2.197684e-10,1.962561e-10,4.424918e-10,4.954675e-10,-2.603135e-05,4.5098800220149415e-05,True
1.3052892028487393e-06,3.058929995650059e-06,1.0187385047524158,9.216369791778451e-14,-0.03519252603573973,1007,4.161925e-10,3.551897e-10,7.480971e-10,8.765671e-10,-9.393448e-06,9.56946716998957e-06,True
1.3242380252404324e-06,5.0039266216008305e-06,1.5854239468465037,1.527373323654876e-13,-0.00850022509476011,1008,3.197407e-10,1.692716e-10,3.827737e-10,7.231707e-10,-2.442046e-05,3.871678207700717e-05,True
1.8580136428024108e-06,5.6849823285052645e-06,0.9625058608391447,4.8698731705389764e-14,-0.03559858613594815,1009,1.743665e-10,1.139982e-10,2.368492e-10,3.621756e-10,-4.696334e-06,4.520248999458144e-06,True
3.554661033162267e-06,1.592363846651817e-06,1.0070140128209428,8.829769576537461e-14,0.01791471724792104,1010,1.777615e-10,7.935219e-10,1.608277e-09,3.602537e-10,-8.516722e-06,8.576458397300406e-06,True
2.15035556644656e-06,2.89814660594462e-06,1.2070768344242677,1.748779193813345e-13,-0.02321953750146139,1011,3.531148e-10,5.239884e-10,1.137749e-09,7.667021e-10,-2.094349e-05,2.5280401610996306e-05,True
1.8814210381941063e-06,1.2835699805775857e-06,1.1283452706445118,1.5041179554013205e-13,-0.030446078383756903,1012,3.882341e-10,1.138076e-09,2.446254e-09,8.344932e-10,-1.482726e-05,1.6730268697616546e-05,True
8.780700631459178e-07,3.293134988806911e-06,1.605083633221879,4.0130019309039767e-14,0.028955907184877325,1013,1.316996e-10,7.031145e-11,1.57146e-10,2.944662e-10,-6.549017e-06,1.051172000039185e-05,True
9.942643429559004e-07,3.469267311034744e-06,1.1360426673783588,1.6286941502207513e-13,0.0343433260359141,1014,9.317683e-10,5.333867e-10,1.107703e-09,1.932519e-09,-1.834947e-05,2.0845780843779173e-05,True
3.5064416750829238e-06,4.936400530419497e-06,1.377551296265432,1.3756512159238105e-13,-0.049634258917401315,1015,1.279282e-10,1.816957e-10,4.086428e-10,2.877055e-10,-1.917088e-05,2.6408870594549046e-05,True
1.566649326960146e-06,2.712315497501662e-06,1.245192191187205,2.0719106820326676e-14,-0.021235772579731693,1016,5.448091e-11,6.294317e-11,1.374233e-10,1.190103e-10,-2.623322e-06,3.266540069369601e-06,True
3.4618766131586887e-06,5.014146344933162e-06,1.474846041135553,1.6121888079387008e-13,0.002142694433280988,1017,1.483629e-10,2.048055e-10,4.561462e-10,3.304121e-10,-2.397689e-05,3.536222129524263e-05,True
1.4820607751021372e-06,5.876616222152013e-06,1.4002192615042461,1.435972739568016e-13,-0.04005140770119395,1018,3.127126e-10,1.577708e-10,3.5429e-10,7.024359e-10,-2.026969e-05,2.838201036272e-05,True
2.764359178781792e-06,2.9395218314951167e-06,1.5823256062297402,1.5149479840824062e-13,-0.020442753070666522,1019,1.496676e-10,2.814115e-10,6.389789e-10,3.398063e-10,-2.421139e-05,3.831030235941467e-05,True
1.2591428751702601e-06,1.7426455702868862e-06,1.6024243430442906,1.8695385540676157e-13,0.0161882529418423,1020,4.202981e-10,6.073507e-10,1.36401e-09,9.438888e-10,-2.936852e-05,4.706083136718311e-05,True
1.491560981943187e-06,1.7054920022244383e-06,1.4626953745373839,1.1585083793682458e-13,-0.0413675391567308,1021,2.328057e-10,4.071708e-10,9.211615e-10,5.266706e-10,-1.699758e-05,2.4862281644329146e-05,True
2.8960739622181816e-06,4.843355702839282e-06,1.2051876784972677,1.453958085733784e-13,0.00642646768895546,1022,2.34484e-10,2.80426e-10,5.992944e-10,5.011722e-10,-1.756202e-05,2.1165530113522586e-05,True
2.0179475654370566e-06,7.658588021118746e-06,1.0699271835770303,1.9500805956234955e-13,-0.004401716414627513,1023,5.616291e-10,2.959723e-10,6.188004e-10,1.174171e-09,-2.087973e-05,2.2339790712748828e-05,True
2.114948092246196e-06,6.551423815608922e-06,1.2713448691020952,3.2763407388389636e-14,0.015182997513083135,1024,6.650585e-11,4.304104e-11,9.265368e-11,1.43094e-10,-4.221982e-06,5.367595153141403e-06,True
2.9662308372239627e-06,1.2364557522538964e-06,1.5940987953794707,1.8274627734289859e-13,0.03995505028189106,1025,1.728105e-10,8.869352e-10,1.95087e-09,4.066609e-10,-2.70351e-05,4.309662034296353e-05,True
1.5519638520596632e-06,6.296566449124334e-06,1.6900928733898208,6.126257520844419e-14,0.04372233123396878,1026,1.066203e-10,5.259369e-11,1.180408e-10,2.391899e-10,-1.059098e-05,1.7899739820214123e-05,True
1.6512730551468285e-06,4.514561907765022e-06,1.4977016433090204,1.220404031635805e-13,-0.020652370808193894,1027,2.206183e-10,1.614171e-10,3.63479e-10,4.969418e-10,-1.84512e-05,2.7634392561023398e-05,True
1.4221555282381295e-06,7.460371411944507e-06,1.1623183937224824,7.265203937570903e-14,-0.035649860701558324,1028,2.31382e-10,8.828636e-11,1.914578e-10,5.01822e-10,-8.501254e-06,9.881163893906829e-06,True
1.94544702709821e-06,6.162552956231256e-06,0.9973565144062986,2.6331642649183667e-14,0.02167775596686508,1029,1.004755e-10,6.343927e-11,1.280777e-10,2.025773e-10,-2.627718e-06,2.62077166532269e-06,True
1.2139157820428461e-06,4.8900054521017215e-06,0.9308453862231519,1.9508236483750822e-13,-0.03720383648675265,1030,1.145838e-09,5.653791e-10,1.17255e-09,2.361648e-09,-1.791474e-05,1.6675853074387347e-05,True
1.984766377297305e-06,7.377723400040496e-06,1.601975411990229,1.8450456943341273e-13,-0.03504270592701531,1031,2.434517e-10,1.31043e-10,2.994209e-10,5.565255e-10,-2.994506e-05,4.797124983057212e-05,True
1.1508066682064906e-06,6.61937471211123e-06,1.2197742173221127,2.947638103808606e-14,-0.032955307839884124,1032,1.167471e-10,2.728629e-11,8.150355e-11,2.333046e-10,-3.661346e-06,4.466015451495448e-06,True
2.9241834940173717e-06,2.4610143542550535e-06,1.3368202074306976,8.537870784843353e-14,0.0413867435684019,1033,1.202849e-10,2.85702e-10,6.139035e-10,2.584169e-10,-1.14571e-05,1.5316082798554248e-05,True
2.1780559435322115e-06,7.676423801414808e-06,1.7224267365834738,1.0833260055917889e-13,-0.030072357113908474,1034,1.173354e-10,6.664188e-11,1.533734e-10,2.702528e-10,-1.921045e-05,3.308859270179999e-05,True
2.8916540192506522e-06,5.349655776295343e-06,1.3905876412135492,1.7963263937966012e-13,-0.003295052072748217,1035,2.171368e-10,2.347239e-10,5.186146e-10,4.797726e-10,-2.511725e-05,3.492773743127102e-05,True
1.3047836399812917e-06,7.913785597553207e-06,1.7752974338244907,6.230309266418141e-14,-0.014334597159219739,1036,1.19861e-10,2.638423e-11,8.369207e-11,2.527085e-10,-1.147001e-05,2.0362679318941244e-05,True
6.787314375634949e-07,6.556793336311064e-06,1.0491983962159115,7.295818551168882e-14,-0.03338861195532167,1037,6.091096e-10,1.14066e-10,2.628554e-10,1.269196e-09,-7.670044e-06,8.047397863705475e-06,True
3.2866862178323874e-06,3.5421944324811417e-06,1.0837500681124483,1.084582693831064e-13,0.0005648022543463388,1038,1.892537e-10,3.511556e-10,7.342622e-10,3.957152e-10,-1.176388e-05,1.2749105751266669e-05,True
2.774442598080486e-06,3.3323634661060188e-06,1.3893483128398203,4.7331640947923076e-14,0.022141014458401123,1039,6.280389e-11,1.044946e-10,2.283606e-10,1.372654e-10,-6.658671e-06,9.251213319605439e-06,True
3.1309131659939772e-06,2.1495040814938073e-06,1.6398617384632026,7.072133027179901e-14,0.04132261460050045,1040,5.400982e-11,1.963397e-10,4.163067e-10,1.428843e-10,-1.176075e-05,1.9286003940631107e-05,True
5.225881353426708e-07,1.775027801223713e-06,1.1123723977596625,4.087858764886357e-14,-0.03597453584916821,1041,3.851101e-10,2.267834e-10,4.874938e-10,8.278344e-10,-4.558285e-06,5.070510415121903e-06,True
5.143401453085825e-07,5.317504676960583e-06,1.6273614847352775,1.0643105198846432e-13,0.03664176038279625,1042,5.992727e-10,1.040296e-10,2.548592e-10,1.31708e-09,-1.740603e-05,2.8325902824146786e-05,True
2.618523425185643e-06,3.190366484493922e-06,1.567756447720567,1.731722054853396e-13,0.017257924256607424,1043,1.945991e-10,3.194299e-10,7.145505e-10,4.353196e-10,-2.730787e-05,4.281208926601504e-05,True
3.985942719512609e-06,4.45800364621833e-06,1.5424995840146982,1.815596231454142e-13,0.0002625634236797167,1044,1.340204e-10,2.396232e-10,5.37942e-10,3.008875e-10,-2.827481e-05,4.361388266309463e-05,True
2.002711468278736e-06,4.079922503111503e-06,1.3045872598847295,2.3953132431720633e-14,0.01644691472840379,1045,4.900776e-11,4.812715e-11,1.040412e-10,1.058605e-10,-3.175963e-06,4.143320867665285e-06,True
3.6896482098933534e-06,3.7764937660265602e-06,1.6931634370570552,1.0718443802165127e-13,-0.033435231714357305,1046,7.011271e-11,1.368587e-10,3.148195e-10,1.610654e-10,-1.863987e-05,3.156034635549669e-05,True
3.5079081524439633e-06,7.3623816901909546e-06,1.3346435585773384,1.0358110237396543e-13,-0.0484149090424466,1047,1.017621e-10,9.697194e-11,2.168249e-10,2.276011e-10,-1.404652e-05,1.8747097438427754e-05,True
1.4543833539975669e-06,7.510222497341614e-06,1.2405373336554977,1.308659659204232e-13,0.020418657916369917,1048,4.100537e-10,1.58858e-10,3.39232e-10,8.756374e-10,-1.627531e-05,2.0190129671816658e-05,True
1.1060187171347395e-06,5.507066949733029e-06,0.9601507270576556,2.951139638307099e-14,-0.03266557545753295,1049,1.802222e-10,7.244039e-11,1.499721e-10,3.733348e-10,-2.840133e-06,2.7269557648904404e-06,True
2.7694998737447285e-06,6.487694129941503e-06,1.5838084970889308,5.3817809070248134e-14,-0.03199917967665741,1050,5.210682e-11,4.453562e-11,1.015821e-10,1.188745e-10,-8.906315e-06,1.4105897374750602e-05,True
3.4719499835841528e-06,1.789378172470579e-06,1.343852137630333,8.866507764698202e-14,-0.004499275548051983,1051,8.469754e-11,3.773885e-10,8.071568e-10,2.080537e-10,-1.196858e-05,1.608400181739965e-05,True
6.217210725849891e-07,6.340536607837821e-06,1.0429403700835143,9.954410344421529e-14,0.0014608245608880993,1052,1.001645e-09,1.959973e-10,4.064622e-10,2.072617e-09,-1.037686e-05,1.0822446208704816e-05,True
3.2244997184673198e-06,6.105904581100791e-06,1.1736544101291384,4.8923324977927636e-14,-0.03810658213747356,1053,6.715676e-11,7.093814e-11,1.543111e-10,1.461433e-10,-5.819042e-06,6.829544306026682e-06,True
3.3138853933838355e-06,6.983002387072197e-06,1.0022040492410325,7.604198653993487e-14,-0.03258946812578765,1054,1.411823e-10,1.339876e-10,2.806091e-10,2.956167e-10,-7.640353e-06,7.65719271423087e-06,True
2.8537816958630273e-06,7.483773675249536e-06,0.9961902689304069,1.374575490443063e-13,-0.003606316371400506,1055,3.29212e-10,2.510858e-10,5.148173e-10,6.750696e-10,-1.370047e-05,1.364827489377297e-05,True
1.1726339544982796e-06,4.7664538662176385e-06,1.3808229724637657,1.0561181318518569e-13,-0.04352791336533274,1056,2.95653e-10,1.454954e-10,3.265155e-10,6.636516e-10,-1.470879e-05,2.031023512914531e-05,True
3.1224284033036365e-06,5.740258265832822e-06,1.2468870734490496,1.5521208933616561e-13,-0.03362237612595585,1057,1.986736e-10,2.161178e-10,4.746455e-10,4.362586e-10,-1.94581e-05,2.426205336387895e-05,True
1.9587918987394253e-06,6.120978974029472e-06,1.1915291186796502,1.344839341636824e-13,-0.03272070465502966,1058,2.988359e-10,1.912876e-10,4.162427e-10,6.503556e-10,-1.608779e-05,1.916907024020329e-05,True
3.3214407294127756e-06,3.5196532708958827e-06,0.9236870774775036,1.1303014960225863e-14,-0.028421695906532065,1059,2.560286e-11,4.813435e-11,9.848783e-11,5.23124e-11,-1.048107e-06,9.681228917137138e-07,True
3.6591868252439984e-06,2.990720010462981e-06,1.1166390973913367,3.714083220931983e-14,-0.04041422513829161,1060,4.910888e-11,1.200745e-10,2.589179e-10,1.057672e-10,-4.19231e-06,4.681297254384675e-06,True
1.3520289579795257e-06,1.8508846022875624e-06,1.2700259030095025,3.7705976809046824e-14,0.03905486419862916,1061,1.266331e-10,1.849559e-10,3.933656e-10,2.69229e-10,-4.805161e-06,6.102678938131044e-06,True
7.067223381857906e-07,3.1309862796361396e-06,1.687028795783772,4.6622656882792033e-14,0.03328260659589141,1062,1.758981e-10,7.949608e-11,1.787233e-10,3.959182e-10,-7.98781e-06,1.3475665485249573e-05,True
3.032850187004636e-06,6.973507305611687e-06,1.7299957988522676,6.523275744656612e-14,-0.0456549847025948,1063,4.942308e-11,4.30912e-11,9.961061e-11,1.143464e-10,-1.195614e-05,2.0684071970489552e-05,True
3.415186485736912e-06,4.79542933593389e-06,1.189335052015313,1.182040840042363e-13,-0.01592490624640211,1064,1.572876e-10,2.239932e-10,4.830454e-10,3.391982e-10,-1.411507e-05,1.6787547512649785e-05,True
3.3482067693915294e-06,6.252970796426288e-06,1.098451837063008,1.8012322702263508e-13,0.024939747815336352,1065,3.21265e-10,3.440388e-10,7.112398e-10,6.641395e-10,-1.979121e-05,2.1739690982199775e-05,True
3.8869685782774265e-06,5.986794447859789e-06,1.6703204837412255,6.180979795798063e-14,-0.0249114597197606,1066,3.983585e-11,5.147515e-11,1.179502e-10,9.098283e-11,-1.085646e-05,1.8133767518917268e-05,True
2.7470850009747762e-06,7.1010497738130494e-06,1.1828916387941497,4.9805150004892926e-14,0.027540868264176163,1067,9.281046e-11,7.183542e-11,1.509592e-10,1.952016e-10,-5.919701e-06,7.0023648170613665e-06,True
1.627361844823881e-06,5.469052027218047e-06,1.197295919612756,4.5220326635241843e-14,0.01123291389284329,1068,1.330961e-10,7.927048e-11,1.68595e-10,2.8334e-10,-5.443364e-06,6.51731750616697e-06,True
1.5201285334725878e-06,1.9402173615724116e-06,1.4581004907710378,3.31713523233677e-14,0.0003332508572835638,1069,7.076039e-11,1.107881e-10,2.463863e-10,1.573397e-10,-4.916049e-06,7.16809345955447e-06,True
1.9091217131651942e-06,4.2366322358603775e-06,1.7511795177376794,1.180518621761188e-13,0.013200200339458401,1070,1.507776e-10,1.358723e-10,3.094735e-10,3.434187e-10,-2.097405e-05,3.672932676400598e-05,True
1.3746860160810448e-06,5.7327730763360634e-06,1.6712944989181766,6.512010579759648e-14,-0.009824610030256024,1071,1.205016e-10,5.78154e-11,1.317707e-10,2.745985e-10,-1.118377e-05,1.8691373278166136e-05,True
2.1408637364363383e-06,5.615312006276132e-06,1.1877193295343882,1.2180451760106585e-13,-0.021683466279284875,1072,2.556576e-10,1.949448e-10,4.216013e-10,5.528444e-10,-1.451913e-05,1.7244651349022623e-05,True
1.9809655246491775e-06,4.138710734311809e-06,0.9015024326283498,1.9018016979417827e-13,0.03481769624952574,1073,9.802214e-10,9.377605e-10,1.813346e-09,1.894254e-09,-1.601531e-05,1.4437840924297136e-05,True
1.9867374564666896e-06,7.888179759066535e-06,1.5691985173916358,1.919874828391841e-13,0.025828076575421938,1074,2.878998e-10,1.450334e-10,3.234986e-10,6.420916e-10,-3.035545e-05,4.7633727134755933e-05,True
3.564976822743133e-06,5.110236112288881e-06,1.1410005494743476,1.5981763958586594e-13,-0.01636925409162162,1075,2.207408e-10,3.07958e-10,6.583499e-10,4.71835e-10,-1.827388e-05,2.085050712102829e-05,True
1.6408456679583252e-06,1.0021316059510243e-06,1.166152905277922,1.0069250195315729e-13,0.044848280749765004,1076,3.389841e-10,1.110018e-09,2.303972e-09,7.03614e-10,-1.037711e-05,1.2101296974888577e-05,True
3.652401142748375e-06,5.617295414576384e-06,1.2629611197150896,1.3368016081487614e-13,-0.00918026560462809,1077,1.506822e-10,1.959033e-10,4.261769e-10,3.277924e-10,-1.697359e-05,2.1436984231984846e-05,True
2.0233522569401646e-06,4.110787377857471e-06,1.2184716797495556,1.697846084955906e-13,-0.010988157956269076,1078,3.681373e-10,3.623978e-10,7.834184e-10,7.958612e-10,-2.071207e-05,2.5237070723990377e-05,True
2.209774091668181e-06,2.47401591819971e-06,1.7177165287918477,1.312688458759253e-13,-0.006937957011016696,1079,1.452048e-10,2.593799e-10,5.930392e-10,3.320507e-10,-2.281381e-05,3.918765852171674e-05,True
3.812105071176412e-06,3.100886651658671e-06,1.5799401250525662,1.0162177663829484e-13,-0.01580072999788621,1080,6.353929e-11,1.907018e-10,4.094706e-10,1.666949e-10,-1.633677e-05,2.5811118436755013e-05,True
3.042325893109597e-06,3.0335308767036163e-06,0.9446908883780585,7.838076347246235e-14,0.03192431772778348,1081,2.282391e-10,4.577805e-10,9.006089e-10,4.490086e-10,-7.391115e-06,6.982318995454393e-06,True
2.3691135177205677e-06,2.2932238234418196e-06,1.7243413812645183,7.500181983721692e-14,-0.037537733007911814,1082,6.3842e-11,1.624838e-10,3.52122e-10,1.703817e-10,-1.326699e-05,2.2876819861822552e-05,True
1.2948758197847474e-06,4.26202826402574e-06,1.7550356618852443,1.606741187410404e-13,-0.02318013172492201,1083,2.869692e-10,1.743882e-10,4.018277e-10,6.613098e-10,-2.852488e-05,5.006218165099717e-05,True
1.4371070840742298e-06,5.877372711101415e-06,1.6006103136458385,1.35753869247336e-13,0.007523702851269,1084,2.642991e-10,1.293123e-10,2.911458e-10,5.952917e-10,-2.194686e-05,3.5128370468141305e-05,True
8.531949727498547e-07,2.285396934229547e-06,1.3602583470469254,4.3548068802944996e-14,-0.016320302476277894,1085,1.809526e-10,1.350994e-10,2.989831e-10,4.004374e-10,-5.973386e-06,8.125348166633246e-06,True
2.978131066911033e-06,7.585847831150726e-06,1.4789309940738824,1.4526056085387663e-13,-0.0052058578975645725,1086,1.526776e-10,1.199202e-10,2.67932e-10,3.411873e-10,-2.172904e-05,3.213575072747116e-05,True
1.8502210527139376e-06,6.717791349483194e-06,1.740513062261214,7.048979546762796e-14,0.044997040108093536,1087,9.816104e-11,5.409886e-11,1.218881e-10,2.211081e-10,-1.2573e-05,2.188347073181024e-05,True
1.926417420014349e-06,4.74687300329133e-06,1.5553241579053596,9.01023952593759e-14,-0.021346037205376003,1088,1.311561e-10,1.064564e-10,2.411917e-10,2.97109e-10,-1.424524e-05,2.2155965907159744e-05,True
7.247037538197391e-07,2.8463704850348105e-06,1.178085775543995,1.1632950199596598e-13,-0.04761810824199997,1089,6.893268e-10,3.509712e-10,7.681465e-10,1.50845e-09,-1.372204e-05,1.616574013544572e-05,True
2.4940268329522396e-06,3.852330520973684e-06,1.328481307969751,1.6657917151107386e-13,0.027028786576628522,1090,2.699946e-10,3.495773e-10,7.55201e-10,5.832694e-10,-2.216872e-05,2.9450730141615182e-05,True
1.8069642967597546e-06,3.7573447980951698e-06,1.1130097174688125,5.76209593046843e-14,0.014273386128427032,1091,1.794428e-10,1.725903e-10,3.602889e-10,3.746599e-10,-6.424565e-06,7.150603275510022e-06,True
3.134819418004313e-06,6.906179438693122e-06,0.9475257630472511,1.2527203723076116e-13,0.04072239395955578,1092,3.634271e-10,3.299338e-10,6.45532e-10,7.110381e-10,-1.186873e-05,1.1245927449651801e-05,True
2.131818101194091e-06,5.442645891987797e-06,0.9362013891164964,1.8909887823316069e-13,0.03835548192487924,1093,8.261122e-10,6.470761e-10,1.263297e-09,1.612617e-09,-1.74468e-05,1.633371839563769e-05,True
1.160270541783662e-06,5.832784283285503e-06,1.2936799318751135,1.494211863696883e-13,0.018802053288259984,1094,5.382884e-10,2.141702e-10,4.61912e-10,1.161001e-09,-1.937662e-05,2.5067144441569964e-05,True
1.3132335577547759e-06,2.366484118123054e-06,1.1472382608539238,1.580536457068485e-13,-0.04630626815658929,1095,5.444812e-10,6.042916e-10,1.314726e-09,1.184601e-09,-1.780901e-05,2.0431177659930138e-05,True
1.7158002687673456e-06,1.3689436247026551e-06,1.4660666187992701,9.737312747896672e-14,0.010033295545924234,1096,1.851975e-10,4.64552e-10,1.029615e-09,4.107737e-10,-1.427128e-05,2.0922647215537647e-05,True
3.7683186577215855e-06,6.687199781264062e-06,1.0936094978742914,4.797443972809404e-14,0.02339741508448198,1097,7.64974e-11,8.62002e-11,1.780663e-10,1.581099e-10,-5.260262e-06,5.752672484507216e-06,True
2.1339149774864206e-06,4.33193988151639e-06,1.2788560873739991,1.681601575830391e-13,-0.04184333511106966,1098,2.958939e-10,2.915267e-10,6.456628e-10,6.553536e-10,-2.159758e-05,2.7620196655546936e-05,True
1.3479786445244014e-06,2.8830978205643193e-06,1.5145335675608589,1.6876754532510165e-13,-0.040259897270100535,1099,3.554123e-10,3.323572e-10,7.553549e-10,8.077663e-10,-2.568953e-05,3.890765551986171e-05,True
1.0399678287061798e-06,6.255243534160029e-06,1.2144815471533286,1.3733714590964538e-13,0.04537804804893357,1100,6.684394e-10,2.222758e-10,4.661023e-10,1.401546e-09,-1.669627e-05,2.0277311821289705e-05,True
2.514864573610718e-06,6.68363131167146e-06,1.6435648716947635,1.574481883708259e-14,0.0009454423009221183,1101,1.70814e-11,1.301595e-11,3.194686e-11,4.018677e-11,-2.938336e-06,4.829345830836105e-06,True
2.0888030514190356e-06,3.2487336000829726e-06,0.9518123210307802,1.9433392553153126e-13,-0.03460491510337081,1102,6.365075e-10,8.184779e-10,1.693858e-09,1.31724e-09,-1.7567e-05,1.6720487043547713e-05,True
2.184594965733315e-06,7.788484484283464e-06,1.4829963239367303,2.12667375726689e-14,0.031126828908208934,1103,3.254321e-11,1.859007e-11,4.174999e-11,7.160602e-11,-3.313047e-06,4.913236522029613e-06,True
1.6125241315199624e-06,4.40660073129899e-06,1.185511312549001,1.2868342170508486e-13,-0.04009132796857778,1104,3.446934e-10,2.522908e-10,5.506119e-10,7.523001e-10,-1.530661e-05,1.8146159311775667e-05,True
1.0349198154682112e-06,7.894246703162586e-06,1.6472373298332221,1.4154741054729328e-13,0.04478750070881969,1105,3.963708e-10,9.13758e-11,2.262568e-10,8.628343e-10,-2.348027e-05,3.867757725856311e-05,True
1.3958874066619964e-06,5.381134218058872e-06,1.6404317039520817,5.803023318595727e-14,0.006562003889078481,1106,1.116037e-10,5.793934e-11,1.310169e-10,2.522666e-10,-9.751943e-06,1.5997396472333574e-05,True
3.128235645663772e-06,7.2171890880096675e-06,1.679506846438719,6.468940928318232e-14,0.013479847410631046,1107,5.400565e-11,4.685704e-11,1.058186e-10,1.222661e-10,-1.127539e-05,1.8937094701266667e-05,True
3.0278206290269956e-06,3.724035987652321e-06,0.9112274041222156,2.2011626574042598e-14,0.016296841898222586,1108,6.674674e-11,1.085063e-10,2.134321e-10,1.312991e-10,-2.005762e-06,1.8277053005469834e-06,True
2.8730731942511317e-06,5.536981158788677e-06,1.750100120227477,2.366482412518341e-14,-0.0010187814935977216,1109,2.019126e-11,2.090049e-11,4.790188e-11,4.640378e-11,-4.603717e-06,8.056965675193281e-06,True
2.8329497879291887e-06,5.558668738127284e-06,1.3831609095177737,8.266681321705749e-14,0.02502896501624885,1110,1.088831e-10,1.109856e-10,2.418731e-10,2.373642e-10,-1.153198e-05,1.5950583945340777e-05,True
2.7065977715091834e-06,7.986071926683586e-06,1.3148447190090966,1.2334898345297937e-13,-0.03351848862465727,1111,1.657913e-10,1.124238e-10,2.492274e-10,3.675972e-10,-1.638184e-05,2.153957581165198e-05,True
3.644657317632566e-06,7.321209673135621e-06,1.6288276271313515,1.329313106449081e-13,-0.046753825656243864,1112,9.159487e-11,9.120056e-11,2.0963e-10,2.105748e-10,-2.22366e-05,3.621958841346901e-05,True
2.2842518151792403e-06,5.0452645066995e-06,1.4094239418403318,1.0396039790721389e-13,-0.04755218165674044,1113,1.434175e-10,1.298989e-10,2.929038e-10,3.234587e-10,-1.484828e-05,2.0927521327148963e-05,True
2.9700426729675396e-06,4.1261166558037565e-06,1.7494625534384018,1.4814173601417373e-13,0.015094409447509977,1114,1.221486e-10,1.75783e-10,4.001195e-10,2.780132e-10,-2.628643e-05,4.5987124948579815e-05,True
2.5450818723490287e-06,3.709612978450157e-06,1.7893940564881559,6.234555566303375e-14,-0.005884348511361423,1115,5.631896e-11,7.728334e-11,1.775172e-10,1.2949e-10,-1.156645e-05,2.069693688466743e-05,True
2.153774218758642e-06,5.42574818981049e-06,1.1847531633071855,1.5999483506905913e-13,-0.03180064942389797,1116,3.275016e-10,2.600214e-10,5.649364e-10,7.115765e-10,-1.90128e-05,2.2525474943326856e-05,True
1.6537362986357983e-06,7.307706372602035e-06,1.533472573510435,2.661006092974336e-14,-0.024814465058460067,1117,4.744386e-11,2.118458e-11,4.806915e-11,1.042847e-10,-4.447174e-06,6.819619358628696e-06,True
1.496826631802717e-06,5.71868098524083e-06,1.3302195365225198,1.6426526180060075e-13,-0.01574373706018211,1118,4.051436e-10,2.121195e-10,4.675016e-10,8.929534e-10,-2.194453e-05,2.919104252580453e-05,True
2.919470624194762e-06,6.41650447466073e-06,1.4394559575495038,6.856513324643958e-14,0.03532301007096662,1119,8.303011e-11,7.554067e-11,1.653333e-10,1.816258e-10,-9.995153e-06,1.4387582532468797e-05,True
3.180753653348982e-06,4.09050197330759e-06,1.205626037331053,3.6599693777366736e-14,-0.045172491313411306,1120,4.773841e-11,7.413978e-11,1.627525e-10,1.04648e-10,-4.497536e-06,5.422346505433755e-06,True
8.752233491049209e-07,4.848629793375486e-06,1.6511394611119472,1.1741442459215316e-13,0.020502876568102235,1121,3.736486e-10,1.213435e-10,2.958658e-10,8.193098e-10,-1.954377e-05,3.226948986589584e-05,True
2.6592272268764087e-06,2.469047205814207e-06,1.0875749812163988,9.491138286798002e-14,0.026683551546228354,1122,2.191468e-10,4.720049e-10,9.720671e-10,4.512776e-10,-1.029097e-05,1.1192201504448524e-05,True
3.615217178905541e-06,2.7255110462900394e-06,1.4104561026550755,1.120422707784311e-13,0.025979443759287,1123,1.11729e-10,2.9624e-10,6.480615e-10,2.443338e-10,-1.589774e-05,2.2423064401423703e-05,True
3.5337544772064375e-06,1.6329338564298578e-06,1.5921758916639595,1.0417634320207494e-13,0.03582907182868854,1124,7.712784e-11,3.867992e-10,8.393301e-10,1.940608e-10,-1.667403e-05,2.6547988582881607e-05,True
2.9468423569943182e-06,3.986625858451763e-06,1.0063587734587431,1.9339880249177858e-13,0.01707638134779177,1125,4.690158e-10,6.933655e-10,1.405825e-09,9.509373e-10,-1.89818e-05,1.9102500966039168e-05,True
3.3110905620175626e-06,6.9301403967215174e-06,1.7366788092184042,1.4174506274365652e-13,0.018641295185607143,1126,1.066032e-10,1.018873e-10,2.31382e-10,2.420989e-10,-2.508585e-05,4.35660641062315e-05,True
2.762212221050846e-06,4.19473118606013e-06,1.1297327339857801,1.7893681974354327e-13,0.03400554979016282,1127,3.727521e-10,4.909057e-10,1.016842e-09,7.721066e-10,-2.012728e-05,2.2738447062097314e-05,True
2.378474704679169e-06,3.817476669446028e-06,1.6038479366768916,1.0233799779344156e-13,0.02388542391508844,1128,1.231507e-10,1.534311e-10,3.436296e-10,2.758434e-10,-1.660354e-05,2.6629553370532237e-05,True
3.661606815369202e-06,7.181345104272171e-06,1.4085523524176167,1.1844906694188072e-14,-0.03326274488853871,1129,1.119512e-11,1.138137e-11,2.746275e-11,2.673969e-11,-1.928376e-06,2.7162185511456736e-06,True
2.841844739251331e-06,7.033915656865796e-06,1.067333796936695,1.2935175955844364e-13,0.010791433045855114,1130,2.78114e-10,2.247232e-10,4.651387e-10,5.756027e-10,-1.381865e-05,1.474911217303926e-05,True
1.5941963470020141e-06,3.23908831656343e-06,1.4064133424809508,1.2495701389441575e-13,-0.027276539974586657,1131,2.569578e-10,2.529414e-10,5.655697e-10,5.745662e-10,-1.768103e-05,2.486683650080597e-05,True
3.4524635441477156e-06,6.90157093142786e-06,1.4048683175597654,8.156717446872216e-14,-0.0057799412048626375,1132,8.080483e-11,8.084776e-11,1.789387e-10,1.788583e-10,-1.164663e-05,1.636198149334109e-05,True
1.2500852515662238e-06,3.4826745170134207e-06,1.6682966134906154,6.136930486870115e-14,0.04147662596635958,1133,1.350348e-10,9.698961e-11,2.171918e-10,3.025838e-10,-1.038125e-05,1.731900421879945e-05,True
1.0787645025671573e-06,7.707309099685259e-06,1.4577808665073864,1.8170899770874426e-13,-0.003667258789026899,1134,5.517362e-10,1.416982e-10,3.379478e-10,1.207014e-09,-2.661807e-05,3.880331314935427e-05,True
1.6941072130901334e-06,5.509041041412442e-06,1.5513066510996185,1.2591817639676763e-13,0.014755326417883671,1135,2.217773e-10,1.36422e-10,3.049283e-10,4.957079e-10,-1.971079e-05,3.057747962542785e-05,True
3.140012403996234e-06,5.3549061058006695e-06,1.5231012982803067,1.8357548399272722e-13,-0.01923265065897733,1136,1.701735e-10,1.995558e-10,4.503874e-10,3.840358e-10,-2.823783e-05,4.300907553361859e-05,True
2.4661774133354906e-06,7.3010966101757835e-06,1.690757313848589,1.1133622403203017e-13,0.034402612755058445,1137,1.201849e-10,8.123597e-11,1.827589e-10,2.70372e-10,-1.915569e-05,3.2387622969316277e-05,True
1.8537290758479107e-06,4.3624850121926005e-06,1.2291300100107725,1.1786902445944646e-13,0.005836048772899172,1138,2.852095e-10,2.424029e-10,5.204884e-10,6.12431e-10,-1.452414e-05,1.7852056343597862e-05,True
1.962482635812713e-06,4.906937503869599e-06,1.197671361691131,1.94743242367993e-13,0.018143134687697557,1139,4.830416e-10,3.863794e-10,8.194405e-10,1.024469e-09,-2.332059e-05,2.7930402780740573e-05,True
2.356652834888659e-06,5.340655457330702e-06,1.2618160429537773,9.516174575761174e-14,0.02280247734793163,1140,1.788912e-10,1.578843e-10,3.380283e-10,3.829893e-10,-1.205171e-05,1.5207041023026466e-05,True
3.858305838473259e-06,7.002763930441613e-06,0.9483161600737785,9.802575328299178e-14,-0.027608351727438404,1141,1.794934e-10,1.977813e-10,4.068546e-10,3.691917e-10,-9.304798e-06,8.823890309622175e-06,True
2.822068489364985e-06,6.776485832783246e-06,1.3399881795801272,1.58433053503523e-13,-0.03085034570165543,1142,1.986535e-10,1.654492e-10,3.676051e-10,4.413239e-10,-2.13945e-05,2.866837710802703e-05,True
1.062436685160829e-06,4.861114900540342e-06,1.6541766665377877,3.7519976952634303e-14,0.03703494344696577,1143,9.794076e-11,4.293675e-11,9.589851e-11,2.194134e-10,-6.3715e-06,1.0539586630845514e-05,True
2.600313174717414e-06,4.4386382373697145e-06,1.3888316006712491,1.8468356644531986e-13,-0.018455815316670315,1144,2.418061e-10,2.833004e-10,6.298417e-10,5.37554e-10,-2.578342e-05,3.58088284693791e-05,True
6.845453908758313e-07,3.3915703633547984e-06,1.644195378624492,1.2274183744950752e-13,-0.034843995914092506,1145,4.610486e-10,1.721153e-10,4.176836e-10,1.034616e-09,-2.034812e-05,3.34562848676966e-05,True
3.054796045477606e-06,6.594610774600813e-06,1.3997984197660651,3.949922737816951e-14,-0.004535147724118255,1146,4.464706e-11,4.147674e-11,9.167921e-11,9.881951e-11,-5.696139e-06,7.973446370967855e-06,True
2.090435468757537e-06,6.429122312384846e-06,1.4220833124201817,1.577682341789166e-13,-0.01994405681747374,1147,2.460323e-10,1.600372e-10,3.574064e-10,5.495213e-10,-2.26132e-05,3.2157854360420054e-05,True
2.828879168744452e-06,1.0937209862701693e-06,1.7712135375524942,1.532570186729922e-13,0.0054939450336345536,1148,1.184008e-10,6.738802e-10,1.51845e-09,2.936204e-10,-2.636859e-05,4.670440357417132e-05,True
1.2451954252756582e-06,3.162840048234287e-06,1.7860872815591047,6.967004242247692e-14,0.04516422369241421,1149,1.381108e-10,1.08778e-10,2.459367e-10,3.123477e-10,-1.263172e-05,2.2561354436215772e-05,True
1.710913342302544e-06,4.703717606284618e-06,0.9157636033683209,1.1384097529547562e-13,0.015548235475421626,1150,6.007013e-10,4.369951e-10,8.616496e-10,1.184395e-09,-1.041137e-05,9.534353707200835e-06,True
9.405100062652151e-07,4.689314095008879e-06,1.2544245556317772,1.89470493758693e-13,-0.013125590177796659,1151,8.324376e-10,3.336036e-10,7.269526e-10,1.812186e-09,-2.378834e-05,2.984067783371763e-05,True
2.5735387458898444e-06,3.945826507267621e-06,1.4130652546719484,1.9451751062006017e-13,-0.020933704295888207,1152,2.486536e-10,3.243219e-10,7.239274e-10,5.549759e-10,-2.76176e-05,3.9025470977428003e-05,True
1.0774411903446477e-06,1.652234510076137e-06,1.719675659275281,1.4614579426653755e-13,-0.00018142400797747926,1153,3.340426e-10,4.356557e-10,9.94192e-10,7.622905e-10,-2.514186e-05,4.323584467090682e-05,True
2.683940088440651e-06,3.649401710045736e-06,0.9988819219591646,1.7519206570742502e-13,-0.021306608513650196,1154,4.188616e-10,6.160847e-10,1.279456e-09,8.698601e-10,-1.721837e-05,1.7199118518604018e-05,True
1.620794140927416e-06,4.802949207346783e-06,1.4254148258598978,1.6252028814821643e-13,0.04582578578796165,1155,3.681576e-10,2.484933e-10,5.400827e-10,8.00164e-10,-2.323293e-05,3.31165628701652e-05,True
5.355655194566825e-07,3.288991766322324e-06,1.6120768236296916,1.7990898226847783e-14,-0.038950925455255,1156,9.667745e-11,1.852177e-11,6.499257e-11,1.984043e-10,-3.02953e-06,4.88383509949086e-06,True
1.6499366531940103e-06,5.789638454541237e-06,1.6493482324870896,7.918981687248038e-14,-0.003847471255780388,1157,1.257118e-10,7.173285e-11,1.62768e-10,2.855529e-10,-1.334731e-05,2.2014362156957258e-05,True
3.889439176447068e-06,6.821596185963446e-06,1.6845078329198864,1.2171054065496326e-13,-0.017005308045328398,1158,7.784727e-11,8.875541e-11,2.029822e-10,1.779719e-10,-2.10587e-05,3.5473545101110006e-05,True
3.954844406627243e-06,5.605969518513874e-06,1.1422886729504762,5.656702705015517e-14,0.029758186573295736,1159,7.944612e-11,1.120295e-10,2.332326e-10,1.654819e-10,-6.481219e-06,7.403423050611413e-06,True
6.201301585920619e-07,5.530522972005007e-06,1.2691443635375814,1.1617270801302627e-13,0.03355581423371937,1160,8.507434e-10,1.784269e-10,4.020776e-10,1.792576e-09,-1.476065e-05,1.8733395749651e-05,True
1.8727281534707913e-06,5.161483889316939e-06,1.1094970124759704,1.9701255479530704e-13,-0.006211831172927958,1161,5.631866e-10,4.086866e-10,8.630081e-10,1.189289e-09,-2.183925e-05,2.4230582629715835e-05,True
1.1867365168467775e-06,3.1670721396378077e-06,1.632258795174315,1.3838034229149268e-13,0.025348876239803322,1162,3.246072e-10,2.43287e-10,5.46183e-10,7.288072e-10,-2.271955e-05,3.708418530990261e-05,True
2.581963321348269e-06,7.563251069990108e-06,1.2263597591168123,1.5829728526710613e-13,-0.043998592316995044,1163,2.468368e-10,1.685632e-10,3.708749e-10,5.432033e-10,-1.95268e-05,2.394688174432217e-05,True
3.595394209538091e-06,1.753046307077542e-06,1.5893210413410195,2.0440960484193417e-14,-0.033040583736791584,1164,5.461096e-12,7.213318e-11,1.415971e-10,3.728953e-11,-3.453176e-06,5.488205276253816e-06,True
2.5935551179697902e-06,7.5148117020715505e-06,1.5783263897688822,2.5540393696926193e-14,0.04052268295018889,1165,3.005882e-11,2.092887e-11,4.665534e-11,6.650829e-11,-4.25481e-06,6.715478906452538e-06,True
2.981886680315721e-06,4.399930652117608e-06,1.6224214632566256,4.248857607690049e-14,0.046688330702117684,1166,4.163742e-11,5.623032e-11,1.250895e-10,9.254882e-11,-7.096515e-06,1.1513538250322593e-05,True
2.6682883636753535e-06,5.885936238451217e-06,1.2814602333228076,1.2084895018239108e-14,-0.04500382127309909,1167,1.729252e-11,1.560738e-11,3.654711e-11,3.988502e-11,-1.681855e-06,2.1552303007151304e-06,True
2.9309817908881875e-06,5.364488013951061e-06,1.5061955491241648,2.1635782528196715e-14,-0.047407864288071255,1168,2.131469e-11,2.312667e-11,5.271335e-11,4.863041e-11,-3.575065e-06,5.384746990829582e-06,True
3.718032353927763e-06,2.575128754768509e-06,1.1686103332295472,1.0047556595489003e-13,0.03808873377546039,1169,1.459242e-10,4.213094e-10,8.783608e-10,3.042388e-10,-1.173465e-05,1.3713233246832106e-05,True
5.186800165229895e-07,5.148183695487858e-06,1.646538889341615,1.4408171529616815e-13,0.0329167934102067,1170,7.809612e-10,1.452526e-10,3.48424e-10,1.728767e-09,-2.380854e-05,3.920168700844542e-05,True
2.407503779006265e-06,2.7499045004089707e-06,1.4447252588042574,1.405795513926913e-13,-0.0064461512134035975,1171,1.898354e-10,3.323366e-10,7.4013e-10,4.227697e-10,-2.041686e-05,2.9496753347470293e-05,True
1.6183471598690726e-06,6.300195789679703e-06,1.031215676577332,1.2182134645211815e-14,0.03317415714477881,1172,5.350318e-11,2.764603e-11,5.607429e-11,1.083063e-10,-1.258349e-06,1.297629215405409e-06,True
7.511867101797836e-07,3.398920793262997e-06,1.7156734088013725,1.495184955022178e-13,0.0452926292972686,1173,5.251201e-10,2.321404e-10,5.21748e-10,1.180319e-09,-2.578349e-05,4.4236048179096104e-05,True
3.187903815850414e-06,1.4088045590872125e-06,1.2385268104781,3.3477510692845924e-14,-0.04205933764654343,1174,3.189052e-11,1.988093e-10,4.15814e-10,9.220559e-11,-4.196981e-06,5.198073491567187e-06,True
2.8722755465391556e-06,2.33244732256691e-06,0.9766591624972228,1.0229843702832837e-14,-0.0438727369608095,1175,2.259473e-11,5.509e-11,1.155091e-10,4.762033e-11,-1.010567e-06,9.86979519867331e-07,True
1.099202645737854e-06,5.404568563217036e-06,1.5261365872238346,2.3374604316547582e-14,0.00134906057044034,1176,7.385942e-11,1.617329e-11,5.824168e-11,1.429232e-10,-3.718748e-06,5.675317381465461e-06,True
2.3928508603415047e-06,6.830809709687312e-06,1.121606007904,1.2474003697955025e-14,-0.00822068807546121,1177,2.739221e-11,1.937515e-11,4.178273e-11,5.790203e-11,-1.429606e-06,1.6034546785356057e-06,True
1.5441583947007635e-06,3.9930553702352495e-06,1.0122270639777187,1.2668323289779807e-13,0.02512889447518875,1178,5.93929e-10,4.593627e-10,9.278651e-10,1.199662e-09,-1.279232e-05,1.2948732515063448e-05,True
3.2611732141297153e-06,1.438242436825392e-06,1.1600267247421174,7.753242204916333e-14,-0.016513278868922072,1179,1.032838e-10,5.235172e-10,1.101863e-09,2.429849e-10,-8.943007e-06,1.0374127119555829e-05,True
1.1110546061045255e-06,3.326689240816824e-06,1.3420829238116132,1.164429806795818e-13,-0.020514037938996338,1180,3.772941e-10,2.520375e-10,5.575294e-10,8.34652e-10,-1.56933e-05,2.106170994825279e-05,True
2.238947262850913e-06,2.22100361998648e-06,1.3310412302128152,3.404030404410082e-14,0.02193800908896687,1181,6.065574e-11,1.221779e-10,2.646824e-10,1.313343e-10,-4.576587e-06,6.091625990655977e-06,True
1.2864773113877664e-06,2.479191665745659e-06,1.7330617557154975,1.823023849452129e-13,-1.539634694656955e-05,1182,3.448036e-10,3.578557e-10,8.174415e-10,7.876368e-10,-3.173919e-05,5.5005976346387763e-05,True
3.1132561374895477e-06,1.1866568442980094e-06,1.7119758867789185,1.6554511497832767e-13,0.04077424139668853,1183,1.299246e-10,7.438739e-10,1.651441e-09,3.148125e-10,-2.715617e-05,4.649070821726907e-05,True
5.074702928129596e-07,3.5897546417215086e-06,1.6915759604039,1.3483872023449958e-13,-0.04129263808113306,1184,6.441898e-10,1.693244e-10,4.136866e-10,1.462957e-09,-2.296477e-05,3.884665286820467e-05,True
1.1988707102089748e-06,6.584357539978425e-06,1.2504829367020798,3.524846898065423e-14,-0.04749251200558844,1185,1.235404e-10,3.151904e-11,9.175498e-11,2.511076e-10,-4.49825e-06,5.62498487002013e-06,True
3.5703859855042667e-06,1.3943133742509724e-06,1.4154005895834036,1.0792706374079177e-13,0.04992880485921673,1186,1.034382e-10,5.907195e-10,1.258081e-09,2.457619e-10,-1.507045e-05,2.1330723815287208e-05,True
6.041690365318856e-07,6.859141797403076e-06,1.210556697963568,1.7414582081266342e-13,0.02232091439435889,1187,1.396758e-09,2.275984e-10,5.183158e-10,2.941851e-09,-2.080585e-05,2.5186661074325302e-05,True
2.4050852283521394e-06,5.817301983114275e-06,1.4371701986284284,9.59215454696905e-14,0.02682174990034554,1188,1.391146e-10,1.150138e-10,2.523589e-10,3.052762e-10,-1.390383e-05,1.9982170122795902e-05,True
9.269799900558345e-07,4.834982167323194e-06,1.0029980302639323,5.1260876096442626e-14,-0.04535921409784037,1189,3.266749e-10,1.252843e-10,2.646894e-10,6.899549e-10,-5.154207e-06,5.169659468572571e-06,True
2.314401437335673e-06,5.483081144695492e-06,1.3937937606636575,8.753708835666618e-14,-0.006597122905391849,1190,1.308905e-10,1.105256e-10,2.445345e-10,2.89615e-10,-1.233284e-05,1.718943544326318e-05,True
2.7315633954713257e-06,2.6087270179168888e-06,0.9285298042921087,1.7176445776603833e-13,-0.005039978115448533,1191,5.061116e-10,1.059877e-09,2.131758e-09,1.017977e-09,-1.434435e-05,1.331915649819751e-05,True
3.2260407524220826e-06,3.750066558867997e-06,0.982811495907231,1.8763036103038335e-13,0.044192788375927924,1192,4.855565e-10,8.35407e-10,1.649926e-09,9.589736e-10,-1.75776e-05,1.7275467350458944e-05,True
1.0681538475123687e-06,7.174363053918922e-06,1.0331222986882336,4.520686148572685e-14,-0.02673669212279337,1193,2.48363e-10,7.3993e-11,1.556377e-10,5.220393e-10,-4.686364e-06,4.841587148169785e-06,True
2.550836813636197e-06,1.7412362609223297e-06,1.1617374248375534,3.931073143075451e-14,-0.0004487809810929805,1194,7.624845e-11,2.232608e-10,4.750101e-10,1.622311e-10,-4.588142e-06,5.3302162718690216e-06,True
7.180347132256697e-07,4.573015080224637e-06,1.2649280787264212,4.379849525914805e-14,-0.004157323881047469,1195,2.630958e-10,6.956183e-11,1.726856e-10,5.494858e-10,-5.5782e-06,7.056021808751723e-06,True
8.583642163874157e-07,2.858825275460441e-06,0.972743403407447,1.3976154463648052e-13,-0.03450720237308892,1196,1.061933e-09,6.351761e-10,1.32712e-09,2.209993e-09,-1.330757e-05,1.294485093288284e-05,True
2.814010964070756e-06,1.6458984300293126e-06,1.7358939787323786,1.5928435648770512e-13,0.008883223296950724,1197,1.291361e-10,4.855583e-10,1.083533e-09,3.169037e-10,-2.762275e-05,4.795016540102981e-05,True
9.888145273477642e-07,3.82560673943738e-06,1.2266351789886696,1.466556035868349e-13,0.018452314188332403,1198,6.881611e-10,3.557113e-10,7.585489e-10,1.467298e-09,-1.799659e-05,2.20752503958357e-05,True
2.354590581567567e-06,2.542169540764863e-06,0.9685985042428706,1.1985704739424175e-13,-0.012213894958709094,1199,3.608537e-10,6.684335e-10,1.368118e-09,7.385912e-10,-1.135496e-05,1.0998397271737625e-05,True
3.2455546351295454e-06,2.84265284076413e-06,1.4192076541551382,2.1473399143714805e-14,0.048181809367726106,1200,2.475667e-11,5.623409e-11,1.220167e-10,5.389915e-11,-3.121587e-06,4.430180163511176e-06,True
3.514141826076282e-06,5.02290429452449e-06,1.319710933266393,3.672779159755797e-14,-0.024354748822487567,1201,3.868299e-11,5.38821e-11,1.191402e-10,8.521754e-11,-4.983163e-06,6.576334693348558e-06,True
3.08016356495443e-06,3.91799246362826e-06,1.1232527231544225,1.1739258246143475e-13,-0.019057463826100036,1202,1.923119e-10,3.023425e-10,6.450225e-10,4.103083e-10,-1.321595e-05,1.484485182657269e-05,True
1.1309626872330983e-06,3.4411134906941066e-06,1.0362322672697908,1.5117926865851647e-13,-0.046396073115403905,1203,7.364646e-10,4.839982e-10,1.0309e-09,1.568308e-09,-1.559032e-05,1.6155192641061564e-05,True
8.052457018967677e-07,4.2692620028327875e-06,1.5309340461641399,5.683561633800227e-14,0.043434403932143054,1204,2.362369e-10,7.730376e-11,1.883137e-10,4.990131e-10,-8.812313e-06,1.3491069997154848e-05,True
2.500243792387903e-06,1.7508276478827314e-06,1.136711407148276,4.438676795510928e-14,0.004586898873146582,1205,9.306601e-11,2.656468e-10,5.606986e-10,1.963235e-10,-5.061051e-06,5.752954403859189e-06,True
1.7421684850441545e-06,3.640153813065763e-06,1.5086574844880771,1.7274250231057173e-14,0.049150079720196166,1206,3.314953e-11,3.17979e-11,6.938258e-11,7.278585e-11,-2.692946e-06,4.062733138222229e-06,True
3.832152007809488e-06,2.6243448966455948e-06,0.9866987420310983,1.1320004714295135e-13,0.0218505180346366,1207,2.252409e-10,6.57786e-10,1.321501e-09,4.525532e-10,-1.096179e-05,1.0815984403409073e-05,True
7.081648064140557e-07,2.0044522450867293e-06,0.9553235683824218,7.272109242436992e-14,0.012695666643159395,1208,8.21722e-10,5.805058e-10,1.162658e-09,1.645426e-09,-6.879154e-06,6.571817946732211e-06,True
1.9049058493514354e-06,4.473599920786919e-06,1.790621171763258,1.5530730905353636e-13,-0.034310138732300516,1209,1.803475e-10,1.53586e-10,3.558883e-10,4.179353e-10,-2.826909e-05,5.0619231060481e-05,True
2.4255416562686448e-06,4.696327359418384e-06,1.2891627457988986,1.2808486306616883e-13,-0.01681990017726493,1210,2.058635e-10,2.126552e-10,4.662043e-10,4.51338e-10,-1.659704e-05,2.139628565853415e-05,True
3.0445315725648206e-06,4.943923427405086e-06,1.0722158559088242,1.770799743436826e-13,0.0028828244633874317,1211,3.436707e-10,4.232693e-10,8.81387e-10,7.156445e-10,-1.896346e-05,2.0332922494892752e-05,True
3.806687126434333e-06,3.2125389408062707e-06,1.4648340491630942,5.911582113434096e-14,0.013465485358496815,1212,5.112239e-11,1.210783e-10,2.680854e-10,1.132059e-10,-8.815397e-06,1.2913093682490195e-05,True
3.890890653161575e-06,6.727118606437359e-06,1.091561380545978,9.048652205715212e-14,0.04968947370404679,1213,1.517929e-10,1.755699e-10,3.568283e-10,3.084987e-10,-9.882272e-06,1.0787106467250864e-05,True
1.646323668306081e-06,2.5981856076672358e-06,1.5566048627638338,1.4347825438726998e-13,-0.013702277513992014,1214,2.469264e-10,3.129131e-10,7.071531e-10,5.579959e-10,-2.247188e-05,3.497983768344534e-05,True
3.7418665217771092e-06,2.812679449082921e-06,1.58504569232226,1.8503727824493688e-13,0.007823033845241037,1215,1.307452e-10,3.843272e-10,8.4173e-10,3.163902e-10,-2.949665e-05,4.675353802043739e-05,True
2.7817373305791673e-06,2.531626875202429e-06,1.24309075528418,3.789555135097646e-14,-0.010823711991914078,1216,5.760634e-11,1.265247e-10,2.746454e-10,1.249978e-10,-4.762234e-06,5.919889059900001e-06,True
2.4322302489170553e-06,6.010947064965973e-06,1.2251054304499058,4.031448716456791e-14,0.03194842313935098,1217,7.974746e-11,6.449343e-11,1.366503e-10,1.686359e-10,-4.970707e-06,6.08964013887536e-06,True
9.121845404929382e-07,4.581797355342845e-06,1.098802915685382,1.1699594193028776e-13,-0.04302593360678033,1218,6.350475e-10,2.528722e-10,5.443351e-10,1.367042e-09,-1.288046e-05,1.4153087003368936e-05,True
1.182345805107533e-06,6.64991981028505e-06,1.027112412341087,8.411157677999161e-14,0.010858490978736493,1219,4.746131e-10,1.688032e-10,3.457373e-10,9.71996e-10,-8.644055e-06,8.878416183459035e-06,True
1.3540305441921267e-06,5.294058915554601e-06,1.181131853942299,1.326309803502241e-13,0.019129047515683797,1220,4.919615e-10,2.516725e-10,5.317231e-10,1.039382e-09,-1.568576e-05,1.8526950789293954e-05,True
1.7960206867381745e-06,1.4883500352338295e-06,0.9166195438523864,2.090665749596499e-14,-0.03666921583249454,1221,8.618301e-11,2.079052e-10,4.265623e-10,1.768007e-10,-1.918844e-06,1.7588499120038887e-06,True
1.951655236758184e-06,2.0169660135932832e-06,0.9673935366822201,1.756381924102467e-14,-0.0247684607810703,1222,6.139234e-11,1.187583e-10,2.451638e-10,1.26843e-10,-1.703473e-06,1.6479287701126714e-06,True
2.814840978382665e-06,1.7942787627142446e-06,1.0757405023423143,8.824134126679412e-14,0.003300798336703638,1223,1.841421e-10,5.777018e-10,1.203698e-09,3.837253e-10,-9.384437e-06,1.0095218972579802e-05,True
1.0466607540371367e-06,7.733973871049452e-06,1.2120816424942982,9.691336716327123e-14,0.04180292002668805,1224,4.664265e-10,1.26281e-10,2.652189e-10,9.794172e-10,-1.176827e-05,1.4264104030916374e-05,True
2.5085275822606376e-06,6.6550049218714895e-06,1.4887002881168552,1.205148021094669e-13,0.01238365094795988,1225,1.532913e-10,1.155747e-10,2.568169e-10,3.405941e-10,-1.812854e-05,2.6987962721137935e-05,True
3.54262702996509e-06,4.410322563528219e-06,1.717994980229491,1.29100509277846e-13,-0.04835695076839374,1226,8.422183e-11,1.35251e-10,3.132827e-10,1.950764e-10,-2.276223e-05,3.910539687882912e-05,True
1.8021921869579872e-06,5.085621471532198e-06,1.7018894612203492,3.54100121980212e-14,-0.007493555289260476,1227,4.877223e-11,3.463436e-11,7.888445e-11,1.114304e-10,-6.352743e-06,1.0811666361541345e-05,True
2.972495699802717e-06,7.739484958424663e-06,1.15653589124328,1.9085069419483585e-13,-0.002962352208248184,1228,3.183201e-10,2.445123e-10,5.204277e-10,6.774876e-10,-2.211491e-05,2.5576687146614925e-05,True
3.0038403548702145e-06,6.24701820696415e-06,1.0547369826907174,7.72069086178832e-14,0.017368890838689338,1229,1.646025e-10,1.583154e-10,3.252207e-10,3.382158e-10,-8.151507e-06,8.597695897562263e-06,True
2.5136342149020585e-06,5.130179985970503e-06,1.6644502959438794,1.7579380582145357e-13,-0.023903483162606754,1230,1.753489e-10,1.71858e-10,3.933683e-10,4.013867e-10,-2.964379e-05,4.9340615038398213e-05,True
9.309374618818508e-07,1.0176781749093585e-06,1.4872354599558038,1.4046551438575644e-14,-0.03471254753027661,1231,4.459981e-11,8.151763e-11,1.843416e-10,1.009395e-10,-2.157964e-06,3.2094005821080665e-06,True
8.934777957515008e-07,4.865401067298483e-06,1.2019108067802162,1.543274620313181e-13,0.028310425832425698,1232,8.561051e-10,3.141903e-10,6.637535e-10,1.807191e-09,-1.855441e-05,2.2300745892430913e-05,True
1.400339978484341e-06,2.406293271277498e-06,1.609395172104947,1.9907712767205628e-14,-0.0014758461422632319,1233,3.911227e-11,4.532649e-11,1.025539e-10,8.792293e-11,-3.347045e-06,5.386718063818003e-06,True
3.309225635538233e-06,1.429897439761666e-06,1.376036154619037,6.888807018651192e-14,-0.03144726771088951,1234,6.036793e-11,3.353046e-10,7.26144e-10,1.570494e-10,-9.556795e-06,1.3150495442282438e-05,True
2.91720200562292e-06,6.816383503218419e-06,1.0910670760985457,6.8936065872748e-14,0.02072706420998234,1235,1.415608e-10,1.21181e-10,2.506272e-10,2.92904e-10,-7.534148e-06,8.220260829253706e-06,True
1.4428799643004156e-06,1.3036115648676793e-06,1.2858091945399763,6.006297532153476e-14,-0.02002077584783001,1236,1.619902e-10,3.585089e-10,7.86762e-10,3.554613e-10,-7.752643e-06,9.968419651385987e-06,True
1.1767167619239876e-06,5.827133539696455e-06,1.2703689307788504,1.8028289710759138e-13,-0.03074710985396105,1237,5.956186e-10,2.405801e-10,5.294441e-10,1.310847e-09,-2.297943e-05,2.9192353919007437e-05,True
9.600093595697015e-07,4.506314772722561e-06,1.7560674678263624,1.6499212237773323e-13,0.0037904301735598306,1238,4.217332e-10,1.654463e-10,4.009632e-10,9.411115e-10,-2.921859e-05,5.130981535475667e-05,True
9.353233695003832e-07,1.3500487893469996e-06,1.344369751862222,1.7385657778767853e-13,-0.000853536544715712,1239,6.936248e-10,9.60909e-10,2.108226e-09,1.521521e-09,-2.128284e-05,2.861200632972337e-05,True
2.4691401540950396e-06,3.1367747012576113e-06,0.9385525373075566,1.8693682421355785e-13,0.03849257642148622,1240,7.006057e-10,1.102954e-09,2.154627e-09,1.368633e-09,-1.567299e-05,1.4709924531695961e-05,True
3.946760884580418e-06,4.772705722099227e-06,1.615751888322246,1.466051736608896e-14,-0.032302691913433906,1241,1.045034e-11,1.638031e-11,3.921143e-11,2.594639e-11,-2.810368e-06,4.540857402880414e-06,True
9.084404007389596e-07,7.236282038318741e-06,1.0075818637930838,1.156912449214087e-13,0.007644935583170823,1242,8.794855e-10,2.207137e-10,4.507844e-10,1.795334e-09,-1.16572e-05,1.1745583302608738e-05,True
1.4622486699628033e-06,3.4592886991230746e-06,1.576551500485306,1.863716448266964e-14,-0.004013630369082213,1243,3.60759e-11,3.065174e-11,6.861198e-11,8.133574e-11,-3.099698e-06,4.8868335329513015e-06,True
3.860820415418155e-06,5.649304623405242e-06,0.91850610177073,4.0924677347057343e-14,0.048383743215348315,1244,1.086478e-10,1.484934e-10,2.858399e-10,2.092942e-10,-3.75896e-06,3.452627696312103e-06,True
3.0550870809722654e-06,2.9210587737448945e-06,0.9536330445582131,1.5022650880953005e-13,0.024278670343770153,1245,4.126228e-10,8.630976e-10,1.712741e-09,8.188458e-10,-1.356185e-05,1.29330283053418e-05,True
3.7258666106219365e-06,2.660425871049245e-06,1.5980311050121891,8.212553978284089e-14,-0.04067093037788489,1246,4.754675e-11,1.71e-10,3.685971e-10,1.317003e-10,-1.342936e-05,2.1460535000406492e-05,True
8.234408352634125e-07,7.104370052186568e-06,1.4330845479368193,1.0269706694249845e-13,-0.012909593592704674,1247,4.163245e-10,8.42304e-11,2.101624e-10,9.060851e-10,-1.481791e-05,2.1235317853718473e-05,True
3.693274294493128e-06,2.619735576250793e-06,1.0773059701152605,1.9227002391117648e-13,-0.0006774289448671783,1248,3.013297e-10,8.49569e-10,1.775162e-09,6.296371e-10,-1.95145e-05,2.1023087353814254e-05,True
2.865590715405956e-06,4.290227637346915e-06,0.9951844013275256,1.6626248086260885e-13,0.010201593644815266,1249,4.1619e-10,5.559705e-10,1.128945e-09,8.451145e-10,-1.640824e-05,1.632922450123836e-05,True
1.4351855720541388e-06,2.173097310811179e-06,1.372831363689642,1.3072473774408622e-13,-0.01741069089345134,1250,3.170247e-10,4.187385e-10,9.287475e-10,7.031126e-10,-1.795307e-05,2.4646537570515602e-05,True
2.484567514526733e-06,7.933490374592664e-06,0.9511800253950333,7.380883252322377e-14,0.01245487121026747,1251,2.401473e-10,1.504337e-10,3.00946e-10,4.80347e-10,-7.02119e-06,6.678415682503354e-06,True
1.6800321947531124e-06,2.306056674450381e-06,1.5103701451102203,1.2903126262392187e-13,0.03057333031258848,1252,2.465954e-10,3.592908e-10,7.945333e-10,5.453261e-10,-1.954874e-05,2.952583327052197e-05,True
2.8046908813700533e-06,5.496892389727472e-06,1.2562168436461576,1.2686855873774988e-13,-0.006380594862524194,1253,1.892504e-10,1.931118e-10,4.191078e-10,4.107189e-10,-1.600929e-05,2.0111139752815993e-05,True
3.80359437678484e-06,2.210128863468778e-06,1.617391601927956,2.392148091567058e-14,0.020325350181099808,1254,8.133323e-12,7.084095e-11,1.365245e-10,4.161347e-11,-4.055444e-06,6.559241067689117e-06,True
1.2702321831569204e-06,5.05980419897265e-06,1.0324342362587007,1.1413728661388717e-13,-0.021605297906279297,1255,5.360964e-10,2.691884e-10,5.638544e-10,1.122962e-09,-1.179493e-05,1.2177489546274836e-05,True
9.078410299838931e-07,2.566745586821182e-06,1.3800985269725956,9.789200436281893e-14,-0.022796370535268635,1256,3.681133e-10,2.604171e-10,5.79432e-10,8.190754e-10,-1.357241e-05,1.8731263048468127e-05,True
3.5470535902799875e-06,5.244027572130653e-06,1.146136044119764,2.8929244164316887e-14,-0.039767164713561155,1257,3.774638e-11,5.085274e-11,1.103649e-10,8.174773e-11,-3.381024e-06,3.875113472433982e-06,True
6.949790031202845e-07,7.04682085143557e-06,1.0866044613199304,1.3420884704436413e-13,-0.013775970434960982,1258,1.067581e-09,1.976635e-10,4.403725e-10,2.232221e-09,-1.456457e-05,1.582592673920642e-05,True
1.5976409221599573e-06,2.717511324372519e-06,1.582053567326556,1.9960036915396273e-13,0.00320672430123594,1259,3.539684e-10,4.161957e-10,9.371836e-10,7.970409e-10,-3.160517e-05,5.000107194446225e-05,True
3.721145740720985e-06,1.4823411870792456e-06,1.4876249101101546,1.0616756845637796e-13,0.0010774826744927163,1260,7.944623e-11,4.586402e-10,1.001103e-09,1.994716e-10,-1.580914e-05,2.351807047141885e-05,True
2.1480299833866117e-06,7.729310204173644e-06,1.320697674721665,1.2576796049526005e-13,0.01467615452400188,1261,2.331734e-10,1.296507e-10,2.813231e-10,5.060767e-10,-1.669526e-05,2.2049391060873623e-05,True
5.279974461008154e-07,5.574386008148092e-06,1.3040167643156075,1.7200337833754655e-13,0.0003497515104215823,1262,1.299001e-09,2.287529e-10,5.322083e-10,2.809412e-09,-2.220724e-05,2.8958613249180132e-05,True
1.9196477390704124e-06,5.894768474164922e-06,0.9774739275177143,1.7041178571153116e-13,0.01483582341123639,1263,6.759786e-10,4.402666e-10,8.863917e-10,1.360926e-09,-1.662838e-05,1.625380790685701e-05,True
3.9207941736119836e-06,6.921052042593513e-06,1.0162942047912662,6.258029653229326e-14,-0.026544029412071145,1264,9.710703e-11,1.100198e-10,2.302806e-10,2.032654e-10,-6.381189e-06,6.485165400377775e-06,True
1.032425491416843e-06,4.578353894908022e-06,1.769511638769899,2.9201642533488025e-14,0.04922550877283054,1265,7.137984e-11,3.238628e-11,7.294719e-11,1.607659e-10,-5.372442e-06,9.506598647616234e-06,True
2.082916513090597e-06,7.834824557935038e-06,1.100688924406017,6.349774128352412e-14,0.009190905446027499,1266,1.732476e-10,9.216701e-11,1.925135e-10,3.617704e-10,-7.007313e-06,7.7128718089463e-06,True
2.546529577888688e-06,5.093491041950718e-06,1.7710751198062455,1.6640480221996048e-13,-0.03189296996745007,1267,1.474105e-10,1.473986e-10,3.40907e-10,3.40936e-10,-3.000354e-05,5.313852320011148e-05,True
3.064866169403014e-06,1.3755882163684615e-06,1.5598110602445188,1.091599018548286e-14,-0.03634637131975561,1268,5.069336e-13,5.333327e-11,9.871112e-11,2.532629e-11,-1.856619e-06,2.8959748508601183e-06,True
3.9586801411334e-06,2.009149751734129e-06,1.3229388124041035,6.933446817520892e-14,0.01016040340265293,1269,5.893102e-11,2.813979e-10,5.904476e-10,1.499175e-10,-9.232971e-06,1.2214655689701528e-05,True
2.173067171665243e-06,7.872605397272517e-06,1.0959240194838604,9.272144690347615e-14,0.014191296698305586,1270,2.48293e-10,1.370975e-10,2.851302e-10,5.163232e-10,-1.017714e-05,1.1153372175649975e-05,True
6.425735681605132e-07,6.756960796707424e-06,1.6449938726912863,1.6339396404726748e-13,-0.03929269435457151,1271,6.451051e-10,1.108448e-10,2.775973e-10,1.459047e-09,-2.707329e-05,4.453539616359427e-05,True
1.983423046388864e-06,7.695699034446056e-06,1.2205826317045898,5.475945878701528e-14,0.007384066113794233,1272,1.260483e-10,6.497339e-11,1.393086e-10,2.699462e-10,-6.732878e-06,8.218033948185935e-06,True
2.6618448096707636e-06,2.155996075953435e-06,1.3788976322059607,9.482134783255592e-14,-0.015107708999119042,1273,1.236097e-10,3.051187e-10,6.765952e-10,2.741012e-10,-1.316992e-05,1.8159971504341926e-05,True
1.7205349754573997e-06,7.5275523560878645e-06,1.5474286669922879,5.186518909939793e-14,-0.03677601860803266,1274,9.322059e-11,2.824832e-11,8.666327e-11,1.893095e-10,-8.346112e-06,1.2915012966728339e-05,True
2.6156986182589952e-06,6.797425828830923e-06,1.625565733262086,6.831831735765971e-14,-0.013524169230539167,1275,6.912052e-11,5.316796e-11,1.20971e-10,1.570885e-10,-1.148446e-05,1.8668744641019098e-05,True
2.006232867022774e-06,6.212596564233822e-06,1.7724519541003019,1.3963472894102906e-13,0.04382566690033772,1276,1.736162e-10,1.121787e-10,2.53388e-10,3.923587e-10,-2.507965e-05,4.4452474650651635e-05,True
2.255603337420927e-06,2.7358075952405115e-06,1.751827472369683,1.237352867897127e-13,-0.04344332036533012,1277,1.239146e-10,2.042837e-10,4.735155e-10,2.872297e-10,-2.206294e-05,3.865046441324398e-05,True
3.4006723314415765e-06,7.035584034222524e-06,1.6723118487405988,2.997119978711443e-14,-0.012268765064223038,1278,2.260635e-11,2.19359e-11,5.0157e-11,5.173786e-11,-5.506684e-06,9.208892900470275e-06,True
3.6723774913302132e-06,6.743879025434855e-06,1.0720168654021611,1.7007641339537873e-13,0.016587956164248366,1279,2.850845e-10,3.104957e-10,6.410075e-10,5.885352e-10,-1.824241e-05,1.9556171185581038e-05,True
2.386061959093829e-06,3.479877585985697e-06,1.6291063468952376,1.978486650198405e-13,0.03518416399718392,1280,2.351687e-10,3.224995e-10,7.212832e-10,5.260096e-10,-3.239399e-05,5.277325471026086e-05,True
1.6971444960941802e-06,2.167750870459604e-06,1.1030622965624393,5.015680109921165e-14,0.03569917229496675,1281,1.80435e-10,2.82493e-10,5.807925e-10,3.709552e-10,-5.536522e-06,6.107128672288469e-06,True
1.2746006306237453e-06,1.6620837804054774e-06,1.7476123117527522,1.2289846875186672e-13,0.04696224662732586,1282,2.472803e-10,3.792401e-10,8.544172e-10,5.570634e-10,-2.155697e-05,3.767322617608473e-05,True
2.215739171149482e-06,3.7205792015618004e-06,1.7734512306109715,1.711764024944741e-13,0.01928971108657343,1283,1.861166e-10,2.216794e-10,5.049261e-10,4.239561e-10,-3.066743e-05,5.438719147317583e-05,True
2.633992131396892e-06,6.015648381017571e-06,1.0156141186012244,8.729694834254614e-14,0.003552159519729446,1284,2.217328e-10,1.941699e-10,3.983708e-10,4.549205e-10,-8.872585e-06,9.011122594489445e-06,True
2.4010897025574988e-06,7.379563984321457e-06,1.4267736184942783,1.8578364150850934e-13,0.022370784651905506,1285,2.711191e-10,1.76442e-10,3.874403e-10,5.953284e-10,-2.664267e-05,3.801305868224895e-05,True
2.8594565011386677e-06,3.4380288940903885e-06,1.7545946883067556,1.7391283666711239e-13,0.02924219700611068,1286,1.511638e-10,2.513861e-10,5.699359e-10,3.426687e-10,-3.082216e-05,5.4080398218140955e-05,True
3.4279099683540005e-06,6.1407559114828905e-06,1.5518619571201844,1.7300297055266742e-13,-0.00733590725002372,1287,1.45191e-10,1.621183e-10,3.653001e-10,3.271663e-10,-2.715816e-05,4.2145715329383107e-05,True
8.063059923696648e-07,4.7147191265235986e-06,1.5024411595242344,1.211656820725467e-13,-0.03936360977029164,1288,4.427252e-10,1.380601e-10,3.358865e-10,9.820163e-10,-1.834512e-05,2.7562463364411224e-05,True
3.930399232764869e-06,3.2587370746521445e-06,1.7001862898825402,1.6301942691386864e-13,0.04762008879128665,1289,1.015621e-10,2.789769e-10,6.031633e-10,2.501374e-10,-2.798944e-05,4.7587262149489965e-05,True
1.2113230668483566e-06,5.02056476808595e-06,1.6763981641253645,1.215417239404696e-13,0.02129846298364367,1290,2.655614e-10,1.282038e-10,2.89315e-10,5.995617e-10,-2.058713e-05,3.4512226936610214e-05,True
1.7604713331767097e-06,2.342456906542118e-06,1.09701028576195,1.948493274372789e-13,0.020565063809240572,1291,6.545057e-10,9.837522e-10,2.038473e-09,1.356187e-09,-1.95136e-05,2.1406619912244385e-05,True
1.8845690088015917e-06,4.586520371184258e-06,1.3868336852965502,1.9158164438048166e-13,-0.028727462113435614,1292,3.403838e-10,2.797399e-10,6.244863e-10,7.598731e-10,-2.669632e-05,3.7023355849455996e-05,True
3.5167363789182402e-06,3.0073017566894298e-06,1.3117529407485597,1.0917857619968897e-13,-0.02431459743786258,1293,1.155335e-10,2.701556e-10,5.962181e-10,2.549973e-10,-1.442889e-05,1.8927138889237486e-05,True
2.020486853584319e-06,3.5456335688370737e-06,0.9320894009729013,9.528020855745944e-14,0.047100909026005416,1294,4.607518e-10,5.25118e-10,1.016871e-09,8.922101e-10,-8.845889e-06,8.245159379082777e-06,True
2.6451832435511787e-06,5.73097681537365e-06,1.0949575429703204,2.283535617309615e-14,-0.04586590240434999,1295,4.286541e-11,3.964091e-11,8.5217e-11,9.235411e-11,-2.545731e-06,2.7874673608233768e-06,True
3.904152365389132e-06,3.3570833541419263e-06,1.7991693505138595,1.1690586680415276e-14,-0.04881773679816013,1296,-2.515408e-12,2.53387e-11,3.730851e-11,1.940532e-11,-2.731908e-06,4.915165142023617e-06,True
2.430386967454292e-06,7.055299150803986e-06,1.3939230308186228,1.3397158245180703e-13,0.023711140605803815,1297,2.021216e-10,1.392872e-10,3.042837e-10,4.415914e-10,-1.878604e-05,2.618629381387988e-05,True
3.9868741069070365e-06,2.05417490881929e-06,1.272014872357664,1.8383640359738755e-13,-0.042731489734567134,1298,1.6447e-10,6.87154e-10,1.49902e-09,3.862511e-10,-2.268674e-05,2.8857870685311513e-05,True
6.51251107804093e-07,5.9200243891268605e-06,1.2616790674708946,1.946694805232037e-13,-0.015496198291463419,1299,1.225654e-09,2.53179e-10,5.836425e-10,2.652518e-09,-2.439731e-05,3.078157532959833e-05,True
3.3315669170149435e-06,3.7927288666867028e-06,1.5375201159230034,3.3915218024132364e-14,-0.030312142402380726,1300,2.896968e-11,5.041116e-11,1.143017e-10,6.554182e-11,-5.499233e-06,8.455181359647606e-06,True
2.9540458102804034e-06,6.37464538649288e-06,1.7593312136714623,7.350030673199822e-14,-0.016048469965779417,1301,5.794557e-11,5.370228e-11,1.23431e-10,1.331267e-10,-1.349747e-05,2.3746520276594152e-05,True
1.2141824073788859e-06,5.998688012833837e-06,1.7218682960646159,1.851830269845686e-13,0.0015653332972667827,1302,3.857529e-10,1.4216e-10,3.470201e-10,8.571667e-10,-3.217665e-05,5.540395350856753e-05,True
2.944030108928628e-06,3.3553668741000346e-06,1.0245675092409536,8.960274123428715e-14,-0.005535573376123391,1303,1.939348e-10,3.403029e-10,7.040503e-10,4.012739e-10,-9.185703e-06,9.411372843337156e-06,True
5.613195390445068e-07,6.290372099059197e-06,1.1317848223528497,1.4202060913400353e-13,0.03622543327307702,1304,1.458992e-09,2.526679e-10,5.389526e-10,3.019613e-09,-1.584065e-05,1.7928207246203666e-05,True
1.3701590546588416e-06,3.6900388765171977e-06,1.2579873440960418,7.146947893558274e-14,-0.04251407572336543,1305,2.013604e-10,1.495633e-10,3.30378e-10,4.447666e-10,-9.057095e-06,1.139371088427554e-05,True
3.865827395089413e-06,3.885253657378119e-06,1.610313917553747,1.886232936298424e-13,-0.04033128234722768,1306,1.257938e-10,2.503181e-10,5.735601e-10,2.882699e-10,-3.079788e-05,4.9594254795150195e-05,True
8.595651136831593e-07,5.6535443610823016e-06,1.1523569168528682,3.9648541576184615e-14,-0.014037479461955507,1307,2.239938e-10,6.819024e-11,1.459215e-10,4.792699e-10,-4.595854e-06,5.2960641457459225e-06,True
3.301831140594889e-06,4.65146843240828e-06,1.1706894905322085,6.020077846739825e-14,0.025877798390698578,1308,9.497021e-11,1.348084e-10,2.832076e-10,1.995514e-10,-7.071102e-06,8.278064797881282e-06,True
3.078251459274515e-06,3.109473889316919e-06,1.0926464152179667,1.772629759011833e-13,-0.02839488532564002,1309,2.996515e-10,5.932442e-10,1.264705e-09,6.38801e-10,-1.908365e-05,2.085168176177435e-05,True
2.363908960787302e-06,2.9956292079498174e-06,1.7278985610068651,1.1542848147772213e-13,0.04360549925205741,1310,1.270442e-10,2.00461e-10,4.513009e-10,2.860143e-10,-2.016387e-05,3.48411219573295e-05,True
2.541826611204667e-06,4.648960114557024e-06,1.4677389268907612,1.7168254342664762e-13,0.0057186057833969045,1311,2.18311e-10,2.387191e-10,5.304636e-10,4.851204e-10,-2.53508e-05,3.720835598782231e-05,True
2.677245363012131e-06,4.054199352085264e-06,1.0883747783384186,1.356057219278837e-13,0.041887842056557795,1312,3.249855e-10,4.292213e-10,8.757776e-10,6.631171e-10,-1.47376e-05,1.6040032133240278e-05,True
2.161681273343203e-06,6.1884046699258144e-06,1.029844840383015,1.6794236028024963e-13,-0.017927448812803413,1313,4.712061e-10,3.292062e-10,6.875122e-10,9.840721e-10,-1.730468e-05,1.782113541247915e-05,True
2.196310658318175e-06,4.014802485379692e-06,0.9782608135630909,1.534180839121281e-13,0.03408872170149617,1314,5.687944e-10,6.22319e-10,1.236159e-09,1.129828e-09,-1.480927e-05,1.4487328518475475e-05,True
2.3981533483079773e-06,7.05062188127464e-06,1.480075233513852,9.090370380833525e-14,0.04039372340718217,1315,1.285122e-10,8.745492e-11,1.919114e-10,2.819693e-10,-1.359312e-05,2.0118840258181813e-05,True
2.6763741880946456e-06,5.430280633917851e-06,1.6952690390605811,1.2076145031216754e-13,-0.04083525931302249,1316,1.074746e-10,1.059186e-10,2.442529e-10,2.478964e-10,-2.096605e-05,3.554309543639609e-05,True
3.5894600843915966e-06,1.1360323844660856e-06,1.423041606675034,1.26589470497581e-13,0.006335408182488969,1317,1.105387e-10,7.712977e-10,1.682241e-09,2.663223e-10,-1.718645e-05,2.4457033421040136e-05,True
1.9227089476724173e-06,2.966060688206077e-06,1.4204113736810997,2.2328529656784528e-14,-0.031237091318677794,1318,3.738657e-11,4.828544e-11,1.082924e-10,8.373637e-11,-3.297032e-06,4.683141752190543e-06,True
1.732605083094376e-06,1.800914873392513e-06,1.6542378577781092,1.7586148937378373e-13,0.03424412575101293,1319,2.800916e-10,5.388889e-10,1.208709e-09,6.282093e-10,-2.881858e-05,4.767278604340706e-05,True
3.1095091899639483e-06,6.2701348551658815e-06,1.748448410464046,1.330394403364603e-13,0.03276516681942383,1320,1.075055e-10,1.06619e-10,2.413017e-10,2.432143e-10,-2.366744e-05,4.1381297847753184e-05,True
3.670176199669883e-06,5.492014080678935e-06,1.6144280878672865,8.858144089739478e-14,0.020942583027076606,1321,6.807867e-11,9.093525e-11,2.04045e-10,1.526052e-10,-1.460258e-05,2.357481530732908e-05,True
1.4389501766838518e-06,1.7130526792948824e-06,1.2065781656551113,1.3351544376966721e-13,0.032980318126284366,1322,4.615575e-10,7.753885e-10,1.634188e-09,9.727416e-10,-1.540279e-05,1.8584670104170893e-05,True
1.8447260793580744e-06,3.342921176583452e-06,1.3314360438145734,1.5204972298286816e-13,-0.04672754408672873,1323,2.859586e-10,3.155953e-10,7.0527e-10,6.39002e-10,-2.033967e-05,2.7080969757293963e-05,True
2.4613936914267173e-06,6.562943966933377e-06,1.5583927191248437,9.612315116487402e-14,0.027945856522458776,1324,1.18213e-10,8.870759e-11,1.972663e-10,2.63029e-10,-1.518906e-05,2.3670520514350397e-05,True
3.3066251357862592e-06,1.6206803315599687e-06,1.7375703540727585,1.1250411116496981e-13,0.009856499423149853,1325,7.364431e-11,3.510744e-10,7.769565e-10,1.904681e-10,-1.97394e-05,3.429859624718381e-05,True
2.1904064549281344e-06,6.971596585341456e-06,1.672874836268016,1.6994530557335688e-13,-0.004314672030884273,1326,1.985032e-10,1.247395e-10,2.839618e-10,4.518198e-10,-2.881352e-05,4.82014125523052e-05,True
3.82980600448652e-06,6.6137005779535064e-06,1.5787715563410494,1.4108937489197894e-13,0.02648141235992843,1327,1.08799e-10,1.259568e-10,2.810687e-10,2.427087e-10,-2.255856e-05,3.5614812880012944e-05,True
3.592000403118568e-06,2.4926835546365285e-06,0.9522694640395912,1.8803782893201458e-13,0.03617943823350682,1328,4.614035e-10,1.329765e-09,2.614625e-09,9.072533e-10,-1.504201e-05,1.4324046800778172e-05,True
1.333080416352794e-06,2.6128736278989744e-06,0.9232741498917411,7.911823532711324e-14,-0.03966031883581639,1329,4.274345e-10,4.361483e-10,8.985463e-10,8.805924e-10,-7.292172e-06,6.7326739041643576e-06,True
3.685037092256773e-06,2.1458762245095854e-06,1.2279037396032282,2.0057574338072027e-14,-0.030655974008353962,1330,1.276715e-11,8.740443e-11,1.691091e-10,5.00557e-11,-2.525842e-06,3.101490837446897e-06,True
2.2733121461122066e-06,4.253620262240198e-06,1.6356164806693188,7.986865337408244e-14,-0.04949585285539092,1331,8.732876e-11,9.332138e-11,2.148691e-10,2.010549e-10,-1.342848e-05,2.1963843198338334e-05,True
2.7890985944212798e-06,3.336101190344614e-06,1.5075739454223642,7.765782341267796e-14,0.015968453073560818,1332,8.751336e-11,1.462399e-10,3.251162e-10,1.945456e-10,-1.185656e-05,1.7874640938336986e-05,True
3.2144903885055056e-06,2.25399689345808e-06,1.1533919520806952,3.731340024472516e-14,0.04314776464935828,1333,6.543601e-11,1.865834e-10,3.865279e-10,1.357124e-10,-4.313922e-06,4.975642916703856e-06,True
2.391184081675619e-06,3.338376340278669e-06,1.2782715330122272,8.044471719259986e-14,-0.0018960294610476103,1334,1.375722e-10,1.970362e-10,4.281812e-10,2.988994e-10,-1.033923e-05,1.321634338226601e-05,True
3.2634383135972712e-06,6.547420423731826e-06,1.1636482076717272,3.372935104099382e-14,0.03672060352931139,1335,5.614065e-11,5.596631e-11,1.167753e-10,1.171616e-10,-3.945186e-06,4.59080861783159e-06,True
3.3547311306324095e-06,2.582365439528881e-06,1.7938789421427574,1.8790482127587569e-13,-0.02992248915505638,1336,1.14256e-10,3.327731e-10,7.473119e-10,2.876971e-10,-3.412023e-05,6.120756209806758e-05,True
2.0506725008365296e-06,4.728527090837751e-06,1.1690847202688202,1.7752144949110867e-13,-0.044128512723946425,1337,3.80112e-10,3.297012e-10,7.190887e-10,8.290493e-10,-2.080021e-05,2.4317207689382715e-05,True
2.1131174930523043e-06,5.5883765485996136e-06,1.0317791857841,9.10798036047061e-14,0.04434477112134408,1338,3.175114e-10,2.401295e-10,4.815473e-10,6.367084e-10,-9.398188e-06,9.6968547624859e-06,True
3.724454275190779e-06,7.978249786212702e-06,1.0800572887347022,1.1049097568916088e-13,-0.03733141069516649,1339,1.542627e-10,1.440359e-10,3.078663e-10,3.297922e-10,-1.198234e-05,1.2941613653097372e-05,True
2.349724420381043e-06,2.387923673618397e-06,1.368879951501624,1.7462926180126087e-13,-0.00711875416158738,1340,2.651671e-10,5.218379e-10,1.151678e-09,5.852345e-10,-2.373037e-05,3.248402773471559e-05,True
3.084327090071008e-06,3.320968750800299e-06,1.2757306903817864,4.4614547738571635e-14,-0.02587335888825273,1341,5.643026e-11,1.047673e-10,2.302758e-10,1.238569e-10,-5.779464e-06,7.373039598756681e-06,True
8.405377255895652e-07,4.094838609080012e-06,1.4936098243692657,1.7249457008050673e-13,0.04119133241138177,1342,6.849681e-10,2.811824e-10,6.180205e-10,1.505349e-09,-2.582894e-05,3.85783585370443e-05,True
9.701724133926582e-07,7.294502992428248e-06,1.4106416402997675,5.873830101105643e-14,-0.005396247683860905,1343,2.155327e-10,4.473829e-11,1.213953e-10,4.556718e-10,-8.385727e-06,1.182925569038605e-05,True
3.781329824871195e-06,7.754739339362897e-06,1.3693973152156658,6.729234225895905e-14,-0.028485685705316552,1344,6.100598e-11,5.949869e-11,1.323786e-10,1.358373e-10,-9.439893e-06,1.2926964130123156e-05,True
3.4971944128414563e-06,2.7450238131738182e-06,1.710571224909292,8.182715014337727e-14,-0.018523367629274805,1345,4.672719e-11,1.543571e-10,3.311154e-10,1.30115e-10,-1.43587e-05,2.4561579047105052e-05,True
1.9472415232526103e-06,1.6668480744007918e-06,0.904425727449086,5.1076075895771666e-14,0.011704632702036963,1346,2.410857e-10,5.632543e-10,1.109388e-09,4.74867e-10,-4.586252e-06,4.147924301364825e-06,True
2.2374515139392295e-06,4.7486106734494025e-06,0.9179938156258313,1.8246039441053804e-13,0.03511623375352621,1347,7.917793e-10,7.460893e-10,1.450494e-09,1.539202e-09,-1.628306e-05,1.4947748379464349e-05,True
7.042978847578684e-07,1.0674212408967154e-06,1.4367477158748956,1.4972893850757192e-13,-0.04712546361020638,1348,6.495647e-10,8.570312e-10,1.938441e-09,1.468936e-09,-2.001685e-05,2.8759163516510404e-05,True
2.5702277437663293e-06,1.2482923687748253e-06,1.4894996174447739,2.516566524532093e-14,0.003945621951201392,1349,2.103568e-11,1.366844e-10,2.823857e-10,6.867618e-11,-3.829025e-06,5.703331272686475e-06,True
2.319728080536441e-06,5.701227054572911e-06,1.601019997706482,1.608461740208794e-13,0.02311971663998716,1350,1.987655e-10,1.617658e-10,3.622641e-10,4.451549e-10,-2.598024e-05,4.159488378521385e-05,True
2.297431505576111e-06,3.1706643718518606e-06,1.2411655249326616,1.0366604075242365e-13,0.015819451340926688,1351,2.032383e-10,2.945009e-10,6.304815e-10,4.350319e-10,-1.289764e-05,1.6008106120992493e-05,True
1.9733091840218353e-06,1.8425067812459598e-06,1.2380171228368713,1.190967342755422e-13,0.045946598614039644,1352,2.936822e-10,6.290385e-10,1.324817e-09,6.185205e-10,-1.446909e-05,1.7912981171867746e-05,True
1.4996908290306472e-06,4.954249042271562e-06,1.7212828213714852,1.3056620018398513e-13,-0.02892065070550924,1353,2.058205e-10,1.246276e-10,2.870316e-10,4.739752e-10,-2.283455e-05,3.9304718648748246e-05,True
3.532811538692877e-06,2.7572941560770303e-06,1.0416690423581147,3.860808087763796e-14,0.014021419449691722,1354,7.134719e-11,1.826735e-10,3.748331e-10,1.46473e-10,-4.027692e-06,4.19552206855344e-06,True
2.069753595067866e-06,3.871745555070303e-06,1.2091100815394589,2.7376076542333017e-14,0.012881492547572551,1355,6.239709e-11,6.671065e-11,1.420478e-10,1.328474e-10,-3.338501e-06,4.036615216329565e-06,True
1.1194582308726819e-06,6.126129900554846e-06,1.6354968432131842,1.590718879756322e-13,-0.006716527173401453,1356,3.855607e-10,1.273067e-10,3.11759e-10,8.528159e-10,-2.624429e-05,4.292245344737134e-05,True
3.138878120696186e-06,2.120313905071696e-06,1.675688523173291,1.1301545716447783e-13,0.004303489939629757,1357,8.306957e-11,2.853793e-10,6.252294e-10,2.112823e-10,-1.91623e-05,3.2110046187603556e-05,True
3.835236924657083e-06,2.102469187410228e-06,1.56642233369864,8.336213296951893e-14,0.025149645125404768,1358,5.493412e-11,2.467164e-10,5.278832e-10,1.448202e-10,-1.320439e-05,2.0683651398866984e-05,True
5.966459328174092e-07,7.367320358838791e-06,1.2135695592505273,6.814390938254262e-14,0.03724082864651322,1359,5.77276e-10,8.194532e-11,1.936206e-10,1.194485e-09,-8.285553e-06,1.0055094902356885e-05,True
2.118770929004671e-06,1.2447280212236267e-06,1.65784739502425,1.7530938021848463e-13,-0.012105207828611755,1360,2.023333e-10,7.327507e-10,1.647359e-09,4.838857e-10,-2.787965e-05,4.622020512668783e-05,True
3.87775168244528e-06,5.047180061797704e-06,1.5944645787477778,6.942911422245294e-14,-0.00818888260614302,1361,4.927308e-11,7.564802e-11,1.711421e-10,1.115827e-10,-1.142281e-05,1.8213265934765904e-05,True
2.8363612885797045e-06,7.542793483424575e-06,1.2458107954636333,1.512365306224976e-13,0.04282320344117056,1362,2.541207e-10,1.911416e-10,4.038382e-10,5.369106e-10,-1.887876e-05,2.351936301296702e-05,True
2.366157166070706e-06,6.382404351008229e-06,1.1449393428474648,8.277973343502028e-14,0.013722147987979494,1363,1.84973e-10,1.37183e-10,2.884753e-10,3.89045e-10,-9.501195e-06,1.0878291959565617e-05,True
2.326179321980226e-06,3.997019497389677e-06,1.1176753947102347,8.903855643248332e-14,-0.036591935199539814,1364,1.864398e-10,2.170021e-10,4.67114e-10,4.013254e-10,-9.987337e-06,1.116260082357913e-05,True
2.2173992220961874e-06,1.1779451030250627e-06,1.2337192746001242,1.3214091165876366e-13,0.03596323776014805,1365,2.850534e-10,1.073151e-09,2.270235e-09,6.030614e-10,-1.451062e-05,1.7902031580398052e-05,True
2.2998123853049665e-06,1.7338502922900352e-06,1.0408028402390497,1.5057400053516747e-13,0.00995373671476002,1366,4.224415e-10,1.120642e-09,2.304822e-09,8.688393e-10,-1.382763e-05,1.439183657777469e-05,True
2.771258570471818e-06,3.272711632039575e-06,1.2879512526377492,2.1347550693462477e-14,-0.042874805196823525,1367,2.881779e-11,4.837085e-11,1.07227e-10,6.380594e-11,-2.854741e-06,3.676767246906341e-06,True
3.946298522649501e-06,2.5486833720494046e-06,1.1330447906038243,6.067124931438064e-14,0.030259115854630897,1368,8.703249e-11,2.693439e-10,5.595823e-10,1.808537e-10,-6.8876e-06,7.8039592997629e-06,True
3.761626551835602e-06,5.070817853396051e-06,1.317418732663091,4.48275510239044e-14,-0.01805917760756657,1369,4.46463e-11,6.61704e-11,1.457638e-10,9.8287e-11,-6.036714e-06,7.952880107329539e-06,True
3.4956522935535385e-06,4.913296970628588e-06,1.4629472663873837,1.9800119851728261e-13,-0.039263719862668675,1370,1.703611e-10,2.423682e-10,5.478214e-10,3.850637e-10,-2.923749e-05,4.2772906071528464e-05,True
5.6861742979471e-07,1.0459759232822765e-06,1.1561517322361372,1.0504521075538072e-13,0.042630977139833326,1371,1.033929e-09,1.120691e-09,2.330983e-09,2.143932e-09,-1.067919e-05,1.2346764017378834e-05,True
8.867518789605217e-07,2.2078967118654276e-06,1.4241898420600472,1.813435294130218e-13,0.008643028958101394,1372,7.005761e-10,5.626154e-10,1.242481e-09,1.546791e-09,-2.547785e-05,3.6285295167529574e-05,True
2.029846762361633e-06,3.301821551444231e-06,1.3521230413983,1.246526047347935e-13,-0.018233469466421744,1373,2.191921e-10,2.694873e-10,5.963306e-10,4.850182e-10,-1.694291e-05,2.2908898999337672e-05,True
2.137322265201422e-06,5.928353416332169e-06,1.3424091379759233,5.929321953487477e-14,0.031651135958849705,1374,1.110494e-10,8.011162e-11,1.730478e-10,2.398861e-10,-8.024866e-06,1.0772653449432296e-05,True
3.0060623651790844e-06,1.9443697538165646e-06,1.1919751433488173,1.9566152902796866e-13,-0.008939922382277303,1375,2.994231e-10,9.257592e-10,1.989987e-09,6.436111e-10,-2.149788e-05,2.5624938594695672e-05,True
2.952256613973444e-06,5.745085326313877e-06,1.4170140895699643,3.045278366956963e-14,-0.012493198530489927,1376,3.44224e-11,3.536741e-11,7.847765e-11,7.655073e-11,-4.493501e-06,6.367354228496724e-06,True
7.962273642542906e-07,7.667992784199674e-06,1.666788954009481,3.25415461264801e-14,0.006646836262361913,1377,1.169156e-10,1.251484e-11,5.101966e-11,2.422831e-10,-5.608688e-06,9.348499204885528e-06,True
3.5621767782396754e-06,6.753284487309197e-06,1.6806698515795664,1.1272827272692598e-13,-0.043574336440943065,1378,7.610478e-11,8.032344e-11,1.85168e-10,1.755409e-10,-1.956896e-05,3.288896109876647e-05,True
2.025887240624998e-06,6.445152649819212e-06,1.1822934053746723,1.7429491291400298e-13,0.0033345396478257072,1379,4.144403e-10,2.605633e-10,5.553952e-10,8.834104e-10,-2.064171e-05,2.4404557608656428e-05,True
3.0696141105717214e-06,2.4565118252327317e-06,1.4189417227517467,1.1950241780543616e-13,-0.012698550832607014,1380,1.191302e-10,3.325712e-10,7.180744e-10,2.873867e-10,-1.707724e-05,2.4231608345445036e-05,True
2.7371612079198755e-06,4.553367636560971e-06,1.5704622302703897,3.2803609161529327e-14,0.024595532558759375,1381,3.572855e-11,4.293316e-11,9.554435e-11,7.957452e-11,-5.348654e-06,8.39985908978464e-06,True
2.5316352671949113e-06,7.201201592602819e-06,1.4164661397820826,1.8919300821071458e-13,-0.009291260299160664,1382,2.500856e-10,1.758433e-10,3.907189e-10,5.556998e-10,-2.697956e-05,3.821563320621908e-05,True
3.2814326158203547e-06,2.0858007997619744e-06,1.2663096707093073,8.661232176591797e-14,-0.04994803951242963,1383,8.923804e-11,3.220277e-10,6.924848e-10,2.202075e-10,-1.105019e-05,1.3992962460175281e-05,True
2.9121608849448884e-06,2.495345131316101e-06,0.9400195301108301,5.885814030194605e-14,0.007165092733129583,1384,1.650726e-10,3.852712e-10,7.708053e-10,3.302983e-10,-5.529948e-06,5.198259120497324e-06,True
2.840295007449619e-06,4.3326373149342e-06,1.7351691293772027,9.190122607436482e-14,-0.015199237164620037,1385,7.704864e-11,1.00991e-10,2.317483e-10,1.768058e-10,-1.637777e-05,2.8418200912040068e-05,True
1.0432746979273616e-06,2.539789892746841e-06,1.2591084788404914,1.8510012504008407e-13,0.02944117729257531,1386,8.014344e-10,6.580848e-10,1.404222e-09,1.709253e-09,-2.272827e-05,2.8617357466375972e-05,True
2.933153091171126e-06,1.5147753731045506e-06,1.7342461522289296,1.4080270710530128e-13,-0.01190771082001476,1387,1.048171e-10,4.545548e-10,1.019385e-09,2.632233e-10,-2.448941e-05,4.247066506285667e-05,True
3.3587065942004234e-06,7.208931285978219e-06,1.7337673155136226,1.6268200839486362e-13,0.010566333847556897,1388,1.195936e-10,1.114441e-10,2.535633e-10,2.721268e-10,-2.871032e-05,4.977701443393707e-05,True
3.474769566248167e-06,4.005785107116257e-06,1.432125449150307,1.478459379428091e-13,-0.015028885365400264,1389,1.383111e-10,2.398841e-10,5.353092e-10,3.085479e-10,-2.135434e-05,3.058209376380837e-05,True
1.8771719622732415e-06,3.218892592561061e-06,1.2139076191098215,1.589381374789104e-14,0.016983522824120162,1390,4.017641e-11,4.671194e-11,9.952795e-11,8.531603e-11,-1.953403e-06,2.3712507848919827e-06,True
8.715358926682014e-07,7.151471417249194e-06,1.4408984493417265,1.927889838152595e-13,-0.031047169474469224,1391,7.015862e-10,1.585648e-10,3.790349e-10,1.554839e-09,-2.790048e-05,4.020175836788985e-05,True
1.564157197309319e-06,6.5244212731199315e-06,1.0032338986190006,9.033609724671153e-14,-0.049129518706632555,1392,3.372003e-10,1.617137e-10,3.423517e-10,7.140058e-10,-9.082732e-06,9.112104634471552e-06,True
8.281833992094357e-07,4.782072035293447e-06,1.767063407499804,5.399482427008771e-14,-0.017685934194158613,1393,1.603559e-10,4.221525e-11,1.200958e-10,3.46073e-10,-9.797761e-06,1.7313264938528684e-05,True
2.701992014564314e-06,6.021583928763051e-06,1.2643971821254332,1.0942663251561504e-13,-0.03115058156858724,1394,1.586979e-10,1.424254e-10,3.132235e-10,3.490048e-10,-1.394231e-05,1.7628617476319246e-05,True
2.8460338191849296e-06,1.0317821405818087e-06,1.3191204948925421,2.8155427084946265e-14,0.01979438759339254,1395,3.011873e-11,2.302303e-10,4.767076e-10,8.649027e-11,-3.742603e-06,4.936944321546313e-06,True
1.1154078547806347e-06,3.865889963101623e-06,1.1045754677725892,1.5375254096587225e-13,-0.03278799970456573,1396,6.937659e-10,4.003037e-10,8.577167e-10,1.486351e-09,-1.697262e-05,1.8747539675826402e-05,True
3.814088353707394e-06,4.413800029037599e-06,1.1424845572375806,7.62202530657917e-14,-0.04306703522666283,1397,9.190673e-11,1.587544e-10,3.444177e-10,1.993876e-10,-8.773369e-06,1.0023438597446916e-05,True
2.2784379422897643e-06,5.281024375706675e-06,1.5975979045831088,1.786466171637076e-13,-0.04893876159486529,1398,2.020445e-10,1.743334e-10,4.002332e-10,4.638486e-10,-2.890704e-05,4.618182653170011e-05,True
7.769367952131583e-07,6.452680399900238e-06,1.5732932727851714,1.9839898088241943e-14,0.002662608898583163,1399,8.303438e-11,8.066497e-12,4.156866e-11,1.643151e-10,-3.256091e-06,5.122786065876341e-06,True
2.121461004676771e-06,1.4932370011584536e-06,1.2518242600338203,5.2470668113254465e-14,-0.022179651765955096,1400,9.065775e-11,2.958146e-10,6.247329e-10,2.199859e-10,-6.611488e-06,8.276421073322482e-06,True
3.199958518215441e-06,7.940818306500059e-06,1.1575976115712021,1.706647537875482e-13,-0.02771110381777007,1401,2.481574e-10,2.000195e-10,4.316031e-10,5.354415e-10,-1.982401e-05,2.2948226627763625e-05,True
9.042955901135698e-07,4.294778367881283e-06,1.6834922423439123,1.2632521028779672e-13,-0.037741620539625584,1402,3.475215e-10,1.321816e-10,3.272955e-10,7.772522e-10,-2.151257e-05,3.621624470788038e-05,True
8.378525072122523e-07,3.833008742369055e-06,1.4355571393747095,8.934816179911698e-14,-0.01754744418100858,1403,3.435567e-10,1.502484e-10,3.356398e-10,7.677531e-10,-1.29211e-05,1.854897735357456e-05,True
2.0388099350673243e-06,4.420552867520588e-06,0.9506514992011381,3.622579830847577e-14,0.04215418269564061,1404,1.61052e-10,1.485622e-10,2.907629e-10,3.151575e-10,-3.443814e-06,3.273866942069868e-06,True
1.7817805676927865e-06,7.432743899107859e-06,1.7422077941811587,1.9876198475856554e-13,-0.004225901695836712,1405,2.682547e-10,1.283854e-10,2.938092e-10,6.126234e-10,-3.514912e-05,6.123707082260884e-05,True
2.211881312447866e-06,6.350111859419084e-06,1.3290151101731682,5.778701277019304e-14,-0.02464497503409806,1406,9.494046e-11,6.618787e-11,1.464703e-10,2.101144e-10,-7.80742e-06,1.0376179151468197e-05,True
1.603367858164124e-06,5.098228593116492e-06,1.2927463034201025,1.1885372762805772e-13,0.04016260871481045,1407,3.254215e-10,2.046973e-10,4.368402e-10,6.944693e-10,-1.539912e-05,1.990715545592257e-05,True
1.2215005972339213e-06,4.191850304496309e-06,1.2323414355851323,8.127771297597073e-14,0.011519835007478184,1408,3.009188e-10,1.75382e-10,3.757367e-10,6.445751e-10,-1.004451e-05,1.2378265873149218e-05,True
2.451409830681713e-06,6.058121820286205e-06,1.1891445727268106,1.150662253324541e-13,-0.016204424361370297,1409,2.132028e-10,1.725605e-10,3.721235e-10,4.598282e-10,-1.373674e-05,1.6334969817959287e-05,True
3.837146960647402e-06,2.1651282641806817e-06,1.1494185723337556,3.703101832705781e-14,-0.026198410648762827,1410,3.579362e-11,1.719859e-10,3.487355e-10,9.85909e-11,-4.296676e-06,4.9386791937007114e-06,True
2.480339479399295e-06,3.91094564756295e-06,0.9909790102191417,1.6316796923508194e-13,-0.04612889511976837,1411,3.97581e-10,5.042835e-10,1.062605e-09,8.377491e-10,-1.607884e-05,1.5933792948671942e-05,True
2.2589735730874494e-06,3.28186051974111e-06,1.6936165340261642,1.0863270355203229e-13,-0.03858316393815515,1412,1.150202e-10,1.583632e-10,3.649394e-10,2.651561e-10,-1.874864e-05,3.1753006694504305e-05,True
2.575078582873871e-06,4.389179459962147e-06,0.9117643398347512,1.2090571850011942e-13,0.03573720649558826,1413,4.659433e-10,5.467262e-10,1.059894e-09,9.032758e-10,-1.096656e-05,9.99891833865819e-06,True
2.3735538509267596e-06,7.467900451914069e-06,1.1645898774156223,8.386985533008469e-14,0.03236548058334805,1414,1.893247e-10,1.203822e-10,2.51477e-10,3.956317e-10,-9.788414e-06,1.139948786035336e-05,True
1.9403785953012846e-06,7.077616923810235e-06,1.7779122151940174,7.681288163277837e-14,-0.016555239093565675,1415,9.06419e-11,4.971725e-11,1.144134e-10,2.086101e-10,-1.418759e-05,2.522428956516449e-05,True
6.840718906781782e-07,7.764748319187752e-06,1.5070829318853542,8.562933325984258e-14,-0.04485087598765553,1416,3.65527e-10,5.269791e-11,1.425032e-10,8.088278e-10,-1.305458e-05,1.967433470093191e-05,True
2.6973359859999664e-06,6.536946736934098e-06,1.6485183216576456,1.2924343226339715e-13,-0.04986312817675342,1417,1.175799e-10,9.705124e-11,2.237023e-10,2.710014e-10,-2.181922e-05,3.5969383934278935e-05,True
5.950234890453789e-07,4.623133574161901e-06,1.5326973718355352,1.8404575706179397e-13,-0.03941454135362688,1418,8.726655e-10,2.115721e-10,5.054226e-10,1.963305e-09,-2.829471e-05,4.336722765384863e-05,True
1.8798216785343082e-06,6.57157620388648e-06,1.5752737795667806,5.826510443134427e-14,0.004152039752094348,1419,8.866213e-11,5.073988e-11,1.140535e-10,1.993098e-10,-9.422099e-06,1.4842385503182383e-05,True
3.5775933986233208e-06,2.876075141025532e-06,1.7930761365702954,5.983323304329322e-14,-0.020396362089840234,1420,2.780652e-11,1.035357e-10,2.158414e-10,8.685744e-11,-1.119278e-05,2.006950671988127e-05,True
2.535635577667195e-06,6.87430330943839e-06,1.612542421111828,6.095176561399558e-14,0.01610690327718757,1421,6.741528e-11,4.973219e-11,1.118656e-10,1.513492e-10,-1.011903e-05,1.631736513550322e-05,True
3.0359401389872704e-06,5.8048505893465766e-06,1.243738134954011,2.6580673711111062e-14,-0.039808097388870395,1422,3.479052e-11,3.644693e-11,8.014152e-11,7.658775e-11,-3.416766e-06,4.2495621724142765e-06,True
1.2314781086016032e-06,3.7378333558041883e-06,0.9052921097251292,9.857309068747255e-14,0.007425890156207128,1423,7.212794e-10,4.752544e-10,9.394796e-10,1.425777e-09,-8.901199e-06,8.05818522179321e-06,True
3.2957537318458613e-06,1.7739163848031736e-06,1.2902278132229914,4.9486662574707826e-14,0.02656698808580417,1424,5.422596e-11,2.485153e-10,5.121966e-10,1.380344e-10,-6.42359e-06,8.287894478741075e-06,True
3.5999588698494627e-06,6.153944559597005e-06,1.3088577763756524,1.4275700103484828e-13,0.014358364671281654,1425,1.605739e-10,1.878463e-10,4.069567e-10,3.479044e-10,-1.877357e-05,2.4571933084832658e-05,True
3.929179633923351e-06,2.0929594210912252e-06,0.9941031966437427,1.3935512613829103e-13,-0.0017051266289575956,1426,2.451205e-10,9.203121e-10,1.883549e-09,5.017273e-10,-1.287552e-05,1.2799595590450442e-05,True
3.3670597449677894e-06,7.487822081975342e-06,1.2245315102794285,1.4248881777247697e-13,0.0017818822537041049,1427,1.894509e-10,1.703905e-10,3.663252e-10,4.072341e-10,-1.751516e-05,2.1447865327585834e-05,True
2.9138221950362074e-06,5.54705636632064e-06,1.7032114280391708,6.566002080465804e-14,-0.005198703991569284,1428,5.601408e-11,5.887542e-11,1.341762e-10,1.278962e-10,-1.160508e-05,1.976590487930882e-05,True
2.41333680802829e-06,2.4526356567140486e-06,1.326418707860375,1.3486282026423541e-14,-0.029520528719301373,1429,2.057254e-11,3.992359e-11,8.80755e-11,4.591599e-11,-1.878526e-06,2.491712029602119e-06,True
3.9069299337952105e-06,5.120893638237839e-06,1.0893674047939268,1.9603051536410385e-13,-0.046622397735584166,1430,2.503009e-10,3.818989e-10,8.222878e-10,5.389294e-10,-2.137695e-05,2.328735254390953e-05,True
9.415014854810582e-07,6.068199490176296e-06,1.0748620713918515,1.2242386621291078e-13,-0.015311084803600675,1431,7.253764e-10,2.250677e-10,4.743628e-10,1.528479e-09,-1.317371e-05,1.4159921218515548e-05,True
3.1730162437725102e-06,2.1173397323608637e-06,1.2418871980040942,1.654074370691075e-13,-0.006893703536960061,1432,2.226213e-10,6.671522e-10,1.444956e-09,4.821275e-10,-2.000673e-05,2.4846101860924452e-05,True
1.6637071952593998e-06,3.1599573113071876e-06,1.7232210515753223,9.718512683842571e-14,-0.030559214834207957,1433,1.375994e-10,1.448574e-10,3.338297e-10,3.169981e-10,-1.704596e-05,2.937395711631088e-05,True
1.6293527733717006e-06,3.5661673356969214e-06,0.92259078360117,1.8722136684475636e-13,0.0454687938992385,1434,1.14834e-09,1.046521e-09,2.02732e-09,2.218602e-09,-1.566676e-05,1.4454008384891467e-05,True
1.2051501332069108e-06,4.667131104285151e-06,1.163060134149849,8.510430523354668e-14,0.0493291032435723,1435,3.972362e-10,2.051564e-10,4.244059e-10,8.218168e-10,-9.906074e-06,1.1521359755338331e-05,True
3.4986525620756724e-06,3.524655447454165e-06,1.4063417941859138,8.370659927357062e-14,0.04981922738741221,1436,9.092331e-11,1.803806e-10,3.902049e-10,1.965675e-10,-1.184824e-05,1.666267509954531e-05,True
3.5295336504176077e-06,1.4423258700440904e-06,1.398353893374059,1.6086136684466977e-14,0.0005192981090867618,1437,6.284314e-12,8.78449e-11,1.717922e-10,3.783513e-11,-2.318958e-06,3.2427239478709206e-06,True
6.001751568518088e-07,5.420981828875314e-06,1.3709352261176053,1.395095213364046e-13,-0.02081699825277744,1438,8.157114e-10,1.68274e-10,3.962624e-10,1.78925e-09,-1.917839e-05,2.629233043122162e-05,True
2.2452573012496125e-06,4.6042604127743805e-06,1.072948945436459,5.5053538508558055e-14,0.012789448941012763,1439,1.489827e-10,1.452812e-10,3.00792e-10,3.083863e-10,-5.916079e-06,6.34765072416878e-06,True
1.3447213823764628e-06,1.9041911694444555e-06,0.9574522177934868,1.7880032338744746e-13,-0.016082664414057687,1440,9.556177e-10,1.347914e-09,2.76112e-09,1.954934e-09,-1.424574e-05,1.3639615357109385e-05,True
3.273759559509357e-06,6.6050192084078604e-06,1.1375507995031953,1.561942941872442e-13,-0.023968982355024572,1441,2.318218e-10,2.298074e-10,4.930292e-10,4.973381e-10,-1.781863e-05,2.026959680255162e-05,True
1.2372510210791572e-06,1.11596187469805e-06,1.035806526677722,3.3235722747904975e-14,0.03771719942013141,1442,1.916923e-10,4.250052e-10,8.570617e-10,3.865219e-10,-3.438291e-06,3.561404258417272e-06,True
2.7766535868506498e-06,1.3410060640924044e-06,1.138357706790672,4.854948783972361e-14,0.024805061196079586,1443,9.648434e-11,3.993621e-10,8.333883e-10,2.014103e-10,-5.530015e-06,6.295135193918018e-06,True
2.753459458135866e-06,2.6177948292975855e-06,1.2546970658190635,4.8197560256131527e-14,-0.04849644206827944,1444,6.711732e-11,1.410629e-10,3.123361e-10,1.485902e-10,-6.135557e-06,7.698265365065616e-06,True
3.979445242218028e-06,1.3593361488411805e-06,1.0350674533031492,1.974956575886862e-13,-0.021896432226113878,1445,2.842411e-10,1.732701e-09,3.611454e-09,6.168222e-10,-1.559371e-05,1.614054169724785e-05,True
3.5970190699757316e-06,6.496280777749756e-06,0.992847706262093,1.6298745693044955e-13,0.020821216754104435,1446,3.389954e-10,3.753977e-10,7.561696e-10,6.828393e-10,-1.617559e-05,1.6059897428936048e-05,True
1.8977881922345174e-06,4.6411404736248885e-06,1.5604400049868317,1.0820968585987784e-13,0.02664329532082474,1447,1.717823e-10,1.405124e-10,3.12953e-10,3.825814e-10,-1.704217e-05,2.659328383978643e-05,True
3.2980770789880126e-06,7.63373508763339e-06,1.3270502093069627,8.608985156241704e-14,-0.033272357574008295,1448,9.352831e-11,8.08594e-11,1.793177e-10,2.075771e-10,-1.160739e-05,1.5403589329007545e-05,True
8.468237333039623e-07,2.561749777608261e-06,1.5369251288243393,1.2556338056010701e-13,-0.044395231603730885,1449,4.085566e-10,2.701341e-10,6.160797e-10,9.31823e-10,-1.942327e-05,2.9852111746939923e-05,True
8.90092613729991e-07,1.0719898290929635e-06,1.3329831251358193,6.419172404275406e-14,-0.0009060749387870756,1450,2.733193e-10,4.53858e-10,9.939872e-10,5.985896e-10,-8.541135e-06,1.1385188824506925e-05,True
2.450517549834015e-06,5.0784168509700055e-06,0.9242146536765797,1.2144585847731866e-13,-0.03292323459535133,1451,3.646112e-10,3.518836e-10,7.215934e-10,7.47711e-10,-1.122465e-05,1.037398601239082e-05,True
3.823437240392358e-06,2.0335525214316246e-06,1.4376382670035546,1.3816996943306286e-13,0.01777933413057467,1452,1.138614e-10,4.756084e-10,1.025846e-09,2.728769e-10,-1.983774e-05,2.8519494154867097e-05,True
2.1694818338354826e-06,3.226161768037072e-06,1.6595527569645774,1.2949708887534404e-13,-0.013661300808171968,1453,1.526108e-10,2.052017e-10,4.68029e-10,3.480213e-10,-2.175334e-05,3.610081537018782e-05,True
6.256620786355579e-07,1.379380949163082e-06,1.5397855955173445,1.1179435831389658e-13,-0.028235706603455563,1454,5.034906e-10,4.567498e-10,1.035982e-09,1.142028e-09,-1.717225e-05,2.644158319262272e-05,True
6.284843120061487e-07,7.325816114283458e-06,1.7643261827950711,6.363519726558836e-14,0.03746453439208573,1455,2.622083e-10,3.341564e-11,9.805142e-11,5.707869e-10,-1.139246e-05,2.0100015464445538e-05,True
1.4874444203021453e-06,3.3657607184050842e-06,1.7628127370657787,1.8252372184155221e-13,-0.04705456688556197,1456,2.732766e-10,2.41556e-10,5.608895e-10,6.345741e-10,-3.252798e-05,5.7340737455020915e-05,True
3.7552440436895025e-06,6.989127434127649e-06,1.0180165781171961,1.942235203836014e-13,-0.02237858848729697,1457,3.173416e-10,3.410143e-10,7.121649e-10,6.626962e-10,-1.978373e-05,2.0140165116994517e-05,True
1.204336168059561e-06,4.711051139916538e-06,1.3180177217064137,5.4268410655097196e-14,-0.011484437837395466,1458,1.706437e-10,8.729536e-11,1.916866e-10,3.747054e-10,-7.221453e-06,9.518003030469946e-06,True
6.976748602960492e-07,6.824576189093641e-06,0.9259378838225238,8.18120689631758e-14,0.004815259528297165,1459,9.863914e-10,2.014589e-10,4.023835e-10,1.967654e-09,-7.571036e-06,7.010309052184146e-06,True
2.4438417109813077e-06,2.737381710904089e-06,1.6519846223814385,6.2153216971767e-14,0.04895340043548266,1460,7.204914e-11,1.285435e-10,2.867212e-10,1.605275e-10,-1.043006e-05,1.7230298730515747e-05,True
1.2667822013142785e-06,1.5463600368840697e-06,1.189977314682543,2.984578964589804e-14,-0.033125575914675104,1461,1.027579e-10,1.682999e-10,3.66245e-10,2.235435e-10,-3.577358e-06,4.256974866498112e-06,True
1.6555271090495506e-06,5.152395029713777e-06,1.3114711372282468,2.4565023719008682e-14,-0.04978466583157314,1462,5.256584e-11,3.390499e-11,7.568005e-11,1.173642e-10,-3.342355e-06,4.383402112870517e-06,True
7.797994158759511e-07,1.1667147970564327e-06,1.3975581770900831,1.6601461103597632e-13,-0.011619056396866875,1463,7.260729e-10,9.702153e-10,2.154048e-09,1.611418e-09,-2.104407e-05,2.9410312107756104e-05,True
1.2698453263037443e-06,3.398431629491183e-06,1.4816569177622192,4.278911752865449e-14,0.019469080775957284,1464,1.09831e-10,8.2099e-11,1.816843e-10,2.42977e-10,-6.426535e-06,9.521920039991023e-06,True
1.6876062258797726e-06,6.192525994573577e-06,1.130889663121038,1.7125943924961887e-13,-0.01878338313934992,1465,5.054353e-10,2.754953e-10,5.885921e-10,1.079858e-09,-1.939832e-05,2.1937359569914093e-05,True
3.6987399825953585e-06,1.125740463843976e-06,1.7417501481572226,9.135298721591005e-14,0.048416848335601434,1466,5.388004e-11,4.294133e-10,9.439618e-10,1.437018e-10,-1.598067e-05,2.7834334340151683e-05,True
3.457190290739281e-06,1.9637174638847825e-06,1.7247221900380283,1.953645641392764e-13,0.0021260997540130874,1467,1.290235e-10,4.993078e-10,1.116243e-09,3.170373e-10,-3.361549e-05,5.7977381532001444e-05,True
2.4698127944189515e-06,4.981704735310661e-06,1.2607915174856243,1.366368272383479e-13,0.04031902006087662,1468,2.556719e-10,2.535168e-10,5.37857e-10,5.424254e-10,-1.725938e-05,2.1760479901061037e-05,True
3.997712820594326e-06,4.1689065627755085e-06,1.0585511669068128,1.0464720130620501e-13,-0.001363873645262012,1469,1.571416e-10,3.013304e-10,6.270684e-10,3.27038e-10,-1.109112e-05,1.1740518018303489e-05,True
3.892953539937151e-06,1.6081111354769216e-06,1.4481373372249577,7.23603525077218e-14,-0.03547197628580352,1470,4.727625e-11,2.869357e-10,6.241603e-10,1.291229e-10,-1.060472e-05,1.5357090982816254e-05,True
1.9294126567630054e-06,6.0267289709529494e-06,1.0689121039285343,1.4115620446842043e-13,-0.04463737865048696,1471,3.807212e-10,2.437781e-10,5.221814e-10,8.154842e-10,-1.512059e-05,1.6162581669540756e-05,True
1.9957996211084645e-06,6.911729371086126e-06,1.5619911273793539,1.279964395062768e-13,-0.01914902959880162,1472,1.791754e-10,1.035024e-10,2.343689e-10,4.058863e-10,-2.028733e-05,3.168862945821699e-05,True
3.2578869628150127e-06,3.3771516876158245e-06,1.192689831885548,9.935288575190212e-14,-0.004961995222598922,1473,1.415113e-10,2.729494e-10,5.855702e-10,3.035744e-10,-1.189045e-05,1.4181618811543514e-05,True
2.809053689725898e-06,5.620522728740539e-06,1.4315460246147782,1.2848891253958382e-13,-0.049227632230857174,1474,1.401404e-10,1.400832e-10,3.167606e-10,3.168919e-10,-1.86447e-05,2.6690746165135156e-05,True
3.612313422304489e-06,2.8181554528722925e-06,1.1064799233396625,1.3638824493487214e-13,0.0038213561355662368,1475,2.089938e-10,5.356986e-10,1.123799e-09,4.384356e-10,-1.497606e-05,1.6570709720730186e-05,True
3.2223736836024172e-06,7.5822433296787995e-06,1.7600694001153099,1.7744427510249236e-13,0.015212796062266207,1476,1.335533e-10,1.135306e-10,2.586518e-10,3.042741e-10,-3.176137e-05,5.5902215442740404e-05,True
5.34116742883269e-07,7.000354397134973e-06,1.2178753493416892,6.168187716653328e-14,-0.025529538511193536,1477,5.005328e-10,6.488165e-11,1.631461e-10,1.068206e-09,-7.542251e-06,9.185521571447704e-06,True
3.550905237751906e-06,7.78406990901925e-06,1.6567751288948773,4.241997300015568e-14,0.01900940134976961,1478,3.236914e-11,2.962097e-11,6.655139e-11,7.288103e-11,-7.435762e-06,1.231938554598163e-05,True
2.8216534050582787e-06,7.085102756373807e-06,1.5759994860822963,1.240688889327364e-13,-0.016133682936082236,1479,1.21686e-10,9.693556e-11,2.196217e-10,2.75699e-10,-1.990458e-05,3.1369607850683955e-05,True
2.90266688501873e-06,4.486075745171939e-06,0.916935709512184,1.0676591573211345e-13,0.030274885266247387,1480,3.512128e-10,4.54491e-10,8.8647e-10,6.850025e-10,-9.774619e-06,8.962697207976274e-06,True
1.7869132404868914e-06,3.0207164668246407e-06,0.986207380053431,1.51067459741076e-13,-0.03391194207387793,1481,5.361255e-10,6.34288e-10,1.32413e-09,1.119184e-09,-1.461606e-05,1.4414466239303751e-05,True
1.2478611555849795e-06,6.701376726488374e-06,1.3214852367089707,1.967263047116997e-14,0.004245835206036927,1482,6.143918e-11,2.308719e-11,5.056918e-11,1.338675e-10,-2.674801e-06,3.5347100326343914e-06,True
7.734100218534896e-07,5.089172398115842e-06,1.4023481262613071,1.1846970524362776e-13,0.008717990973081492,1483,5.495589e-10,1.540204e-10,3.610933e-10,1.187878e-09,-1.66801e-05,2.3391306980851228e-05,True
3.842019477134137e-06,2.5578515373001753e-06,1.3019148456370422,1.1240952231431385e-13,0.012655174204685676,1484,1.192746e-10,3.581266e-10,7.757211e-10,2.583259e-10,-1.468791e-05,1.9122408080380767e-05,True
5.043692964383446e-07,7.129236485633753e-06,1.7106147047793074,1.013196311164055e-13,-0.015429616495346118,1485,4.983725e-10,5.918737e-11,1.584824e-10,1.119059e-09,-1.750753e-05,2.9948638262364868e-05,True
2.228789230164998e-06,1.109485836039847e-06,1.1354552187141291,1.5915119661100414e-13,0.02779739412017239,1486,3.993246e-10,1.6043e-09,3.339803e-09,8.313136e-10,-1.416515e-05,1.6083893491368445e-05,True
3.867698112276737e-06,3.6436298770597226e-06,1.7426560275929956,1.0782870052062905e-13,-0.028193735323894818,1487,5.480587e-11,1.474985e-10,3.16975e-10,1.494369e-10,-1.93197e-05,3.3667591656288396e-05,True
2.554652687924737e-06,6.171072795841501e-06,1.5844945292114012,1.8550252377326496e-13,-0.0015451261900633687,1488,2.03698e-10,1.686805e-10,3.804918e-10,4.595762e-10,-2.967921e-05,4.702654587631631e-05,True
3.1591311677168275e-06,1.6724504508726736e-06,1.027214933677839,1.4395349118118226e-13,0.02971489505236828,1489,3.231714e-10,1.220851e-09,2.469003e-09,6.535932e-10,-1.273834e-05,1.3085013078265763e-05,True
6.929136721288805e-07,5.541125606093152e-06,1.395336884021405,1.0776152668965943e-13,0.04634433375354989,1490,6.052752e-10,1.389259e-10,3.221795e-10,1.287839e-09,-1.507738e-05,2.1038024428406652e-05,True
2.4028100013999764e-06,5.3240063935957665e-06,1.1766580015569996,1.2479215508905713e-13,0.015065718100397973,1491,2.602256e-10,2.348758e-10,4.969107e-10,5.505237e-10,-1.471075e-05,1.7309521696404633e-05,True
1.7787447808402171e-06,4.838545095852791e-06,1.1836920501452857,9.956470678081017e-14,0.03123869612677574,1492,2.887051e-10,2.122788e-10,4.457234e-10,6.06175e-10,-1.180304e-05,1.3971164615546813e-05,True
2.092069218181905e-06,3.5584962674482e-06,1.501683232367132,1.3802087395705216e-14,-0.04623752376780596,1493,1.930756e-11,2.244742e-11,5.120941e-11,4.426958e-11,-2.285744e-06,3.432463438283778e-06,True
1.157867044712884e-06,6.924161928556299e-06,1.0769889619973578,9.284262831195023e-14,-0.04811106968163224,1494,4.073506e-10,1.362701e-10,2.929865e-10,8.757159e-10,-1.003342e-05,1.080588259108353e-05,True
3.7051148170411397e-06,5.7236038783570934e-06,1.2553235619008132,8.51512734194208e-14,-0.027082346186420095,1495,9.208086e-11,1.19187e-10,2.611319e-10,2.018347e-10,-1.080023e-05,1.355778319294802e-05,True
1.7364492707978422e-06,6.446671353792122e-06,1.4358669772628665,1.0842901109688757e-14,0.021107564454787148,1496,2.189563e-11,1.221935e-11,2.952642e-11,4.834116e-11,-1.673594e-06,2.4030583579452697e-06,True
2.6200592438573606e-06,1.6847085952977004e-06,1.6200370002600963,1.5078600025790137e-13,0.034552705025224534,1497,1.546366e-10,5.220205e-10,1.144393e-09,3.680078e-10,-2.428943e-05,3.934977531522759e-05,True
3.342921102955336e-06,6.202915225650539e-06,1.7843566852335813,1.4386797019026413e-13,0.017833540306277776,1498,1.025228e-10,1.105099e-10,2.519334e-10,2.337317e-10,-2.618208e-05,4.6718169481320446e-05,True
1.7072017194835956e-06,6.894019666353445e-06,1.0938595871261934,4.068638993711423e-14,-0.04689222881451543,1499,1.179106e-10,5.843463e-11,1.25956e-10,2.540999e-10,-4.493191e-06,4.914920052139128e-06,True
